x_mm,y_mm,z_mm,sensor_id
-66.3533,-90.0348,39.5500,sensor_1
-68.4799,-85.1770,40.8846,sensor_1
-70.3222,-80.8989,40.1685,sensor_1
-73.2210,-76.7404,40.3645,sensor_1
-75.5557,-71.9027,39.8056,sensor_1
-78.1736,-68.1284,39.5671,sensor_1
-80.3012,-62.9229,40.0799,sensor_1
-84.2842,-54.0038,40.5907,sensor_1
-86.8073,-49.4891,40.2846,sensor_1
-88.8995,-45.3443,39.6510,sensor_1
-91.4457,-41.0819,40.3634,sensor_1
-93.5708,-36.6335,40.4893,sensor_1
-95.2164,-31.8655,40.5939,sensor_1
-98.1220,-27.7862,40.2614,sensor_1
-100.3558,-23.4014,40.7283,sensor_1
-102.5908,-19.1070,40.3206,sensor_1
-104.1478,-14.2855,40.5810,sensor_1
-107.2135,-10.0307,39.9086,sensor_1
-109.3804,-4.7610,39.7456,sensor_1
-111.0271,-1.3017,40.0682,sensor_1
-61.4536,-87.5588,40.2487,sensor_1
-64.5933,-83.1976,39.7922,sensor_1
-65.3869,-78.9441,40.2161,sensor_1
-68.9573,-74.5819,39.6981,sensor_1
-70.4824,-70.0510,40.3469,sensor_1
-75.6054,-61.2246,40.6009,sensor_1
-77.9759,-57.2247,40.2922,sensor_1
-80.3052,-52.2930,40.4691,sensor_1
-82.4622,-47.3767,39.9116,sensor_1
-83.9239,-42.7653,39.9850,sensor_1
-86.7902,-39.0652,40.2200,sensor_1
-88.5833,-34.8254,40.4711,sensor_1
-91.7189,-30.1649,39.5243,sensor_1
-92.7887,-25.3884,40.2357,sensor_1
-96.0320,-20.5805,39.4139,sensor_1
-98.0560,-15.7265,40.0163,sensor_1
-100.3293,-11.8086,39.8660,sensor_1
-102.5972,-7.2525,40.2180,sensor_1
-104.7453,-3.2561,40.2605,sensor_1
-107.1256,1.8305,40.4035,sensor_1
-57.3764,-86.3659,40.4005,sensor_1
-61.5666,-76.9203,39.4506,sensor_1
-64.5006,-71.8202,39.7773,sensor_1
-66.5317,-67.6122,40.5785,sensor_1
-68.6472,-63.2694,39.9579,sensor_1
-70.3400,-58.4062,40.1167,sensor_1
-73.6695,-54.6008,40.3528,sensor_1
-75.7032,-49.5569,40.2765,sensor_1
-77.6182,-45.1855,40.3245,sensor_1
-80.2899,-41.0732,40.9689,sensor_1
-82.6833,-36.6702,40.5230,sensor_1
-84.5862,-32.3333,39.6869,sensor_1
-86.6128,-27.2371,40.6400,sensor_1
-89.0516,-22.7733,39.7885,sensor_1
-91.2815,-18.9211,40.2108,sensor_1
-93.3476,-13.8545,39.8035,sensor_1
-95.4366,-9.9400,39.7910,sensor_1
-98.2099,-5.8308,40.1516,sensor_1
-100.3188,-0.9340,40.3377,sensor_1
-102.8003,3.5926,39.6458,sensor_1
-52.8211,-83.5374,39.9926,sensor_1
-55.1388,-78.7176,39.5737,sensor_1
-57.9231,-74.4351,40.3160,sensor_1
-59.5198,-69.5619,40.6054,sensor_1
-61.7421,-65.4263,39.7890,sensor_1
-64.5169,-61.1279,40.2436,sensor_1
-66.3785,-56.5078,40.0965,sensor_1
-68.5050,-51.9814,40.2542,sensor_1
-70.8877,-47.7905,39.7892,sensor_1
-73.0937,-42.9984,40.0730,sensor_1
-75.6811,-37.8917,39.8843,sensor_1
-77.8816,-34.1412,39.7460,sensor_1
-80.0344,-29.1499,40.4769,sensor_1
-82.1241,-25.1167,40.1892,sensor_1
-84.2799,-20.9236,40.0020,sensor_1
-86.8496,-16.0970,40.2656,sensor_1
-88.9192,-12.6674,40.5676,sensor_1
-90.6060,-7.0367,40.0388,sensor_1
-93.9921,-2.9518,39.8046,sensor_1
-95.7111,1.2222,40.4862,sensor_1
-97.7583,5.1498,40.2525,sensor_1
-48.6254,-81.4630,39.9339,sensor_1
-50.7276,-76.1527,39.6175,sensor_1
-52.5531,-71.3532,40.3591,sensor_1
-54.9998,-67.6092,39.7387,sensor_1
-57.2736,-63.0150,40.4061,sensor_1
-58.8317,-58.4397,40.2990,sensor_1
-61.4540,-54.7102,39.7501,sensor_1
-64.4020,-50.0136,40.3929,sensor_1
-66.6517,-44.7203,40.6822,sensor_1
-68.5410,-41.0094,40.3659,sensor_1
-70.7967,-36.7925,40.2721,sensor_1
-73.1033,-31.8884,40.6999,sensor_1
-75.1955,-27.7981,40.1936,sensor_1
-78.1828,-22.8513,39.8465,sensor_1
-79.8372,-18.4633,40.4898,sensor_1
-82.4811,-14.6538,40.7680,sensor_1
-84.7606,-9.2072,40.3006,sensor_1
-86.7343,-4.5936,40.2691,sensor_1
-88.7501,-1.2985,40.4549,sensor_1
-91.5948,3.6291,40.1531,sensor_1
-93.6588,8.7111,39.5012,sensor_1
-43.9106,-78.9504,40.5580,sensor_1
-46.3440,-74.0847,40.0109,sensor_1
-48.2320,-69.4344,40.0109,sensor_1
-50.7186,-65.8316,40.2569,sensor_1
-52.7061,-61.0739,40.5421,sensor_1
-56.0014,-57.0724,39.6641,sensor_1
-57.7154,-51.9629,40.1224,sensor_1
-59.8391,-47.2611,39.9848,sensor_1
-62.5278,-43.4947,40.8894,sensor_1
-65.1788,-38.6660,40.6603,sensor_1
-66.4563,-34.4396,40.1508,sensor_1
-68.5931,-29.2714,39.8352,sensor_1
-70.8992,-25.1508,40.5365,sensor_1
-72.9487,-20.9043,39.6426,sensor_1
-75.5668,-15.7073,40.3900,sensor_1
-77.8947,-11.0338,39.7860,sensor_1
-79.9292,-7.6187,40.1674,sensor_1
-82.4838,-2.4339,39.8224,sensor_1
-84.9724,0.9334,40.3205,sensor_1
-87.2154,6.0937,39.7744,sensor_1
-89.4508,10.7647,40.0890,sensor_1
-39.2520,-76.2447,40.0264,sensor_1
-42.2868,-71.6297,40.2097,sensor_1
-43.6667,-68.2240,39.5709,sensor_1
-47.0307,-63.3715,40.5147,sensor_1
-48.3526,-58.6215,40.1959,sensor_1
-50.5544,-54.2603,40.2886,sensor_1
-53.0417,-50.4649,40.0153,sensor_1
-54.8850,-45.3830,40.0999,sensor_1
-60.1129,-36.5040,40.5434,sensor_1
-62.2643,-32.2370,39.0610,sensor_1
-64.6409,-28.1127,39.5117,sensor_1
-66.4320,-22.7212,39.4790,sensor_1
-68.6823,-18.3535,39.8758,sensor_1
-70.9932,-14.6285,39.7284,sensor_1
-76.2941,-5.5382,40.4575,sensor_1
-78.5269,-1.0971,39.8169,sensor_1
-80.2617,3.6420,40.4518,sensor_1
-82.8490,7.7647,39.9735,sensor_1
-84.8578,12.3441,40.2459,sensor_1
-34.3819,-74.3656,40.1627,sensor_1
-39.0856,-65.4799,39.8497,sensor_1
-42.2127,-60.6598,40.3253,sensor_1
-46.4228,-51.8752,40.5900,sensor_1
-48.3382,-47.9266,40.1397,sensor_1
-50.8761,-42.7302,40.0637,sensor_1
-53.4098,-38.6885,39.5187,sensor_1
-55.4637,-34.2828,40.3034,sensor_1
-58.0848,-29.7724,39.7968,sensor_1
-60.3695,-24.9208,39.9756,sensor_1
-62.1118,-21.1032,40.1715,sensor_1
-65.1291,-16.4247,39.9608,sensor_1
-68.8748,-7.2850,40.0747,sensor_1
-71.0563,-2.8267,40.3236,sensor_1
-73.3517,1.5377,40.0323,sensor_1
-75.7758,5.8698,40.2702,sensor_1
-77.7730,10.7691,40.0010,sensor_1
-80.8799,14.9056,40.0902,sensor_1
-30.1903,-72.0396,40.0608,sensor_1
-32.5900,-67.6178,40.0781,sensor_1
-34.5182,-62.4755,40.3536,sensor_1
-39.5633,-54.4246,40.3286,sensor_1
-41.9068,-49.5540,39.9524,sensor_1
-44.2013,-45.2404,40.2437,sensor_1
-45.9683,-40.5948,39.5543,sensor_1
-49.0760,-36.8194,39.8563,sensor_1
-50.8118,-31.6711,39.9241,sensor_1
-53.1840,-27.6205,39.6371,sensor_1
-56.0383,-23.2012,40.6294,sensor_1
-58.2855,-18.0120,40.5968,sensor_1
-60.1509,-14.0086,39.9186,sensor_1
-62.3661,-9.3068,40.1357,sensor_1
-64.2795,-4.6675,40.2523,sensor_1
-66.7836,-0.6485,40.2531,sensor_1
-69.5572,3.9695,40.2037,sensor_1
-71.7392,9.0344,39.7924,sensor_1
-74.0116,12.8349,39.4551,sensor_1
-76.2547,16.6600,39.7940,sensor_1
-26.1706,-69.5267,40.5170,sensor_1
-28.1128,-64.7696,40.3369,sensor_1
-30.8281,-60.3389,39.9606,sensor_1
-33.1491,-55.7393,40.4064,sensor_1
-35.1280,-51.5558,40.4380,sensor_1
-37.9509,-47.3966,39.7187,sensor_1
-39.7020,-43.1434,40.6057,sensor_1
-41.8335,-38.7377,40.1242,sensor_1
-44.7083,-33.9847,40.3219,sensor_1
-46.4628,-30.2187,40.0132,sensor_1
-48.6470,-24.9821,40.5357,sensor_1
-51.5445,-20.4510,39.9026,sensor_1
-53.2968,-16.0374,40.3704,sensor_1
-55.8369,-11.6596,39.7214,sensor_1
-58.3986,-7.0751,40.1109,sensor_1
-60.7415,-3.1118,40.1365,sensor_1
-61.9012,2.0061,40.4090,sensor_1
-65.3399,6.0614,40.2966,sensor_1
-66.8475,10.6960,40.0480,sensor_1
-68.6403,15.5219,40.0968,sensor_1
-71.8681,20.1790,39.9362,sensor_1
-21.2525,-66.7023,39.7995,sensor_1
-23.8396,-63.0369,40.3097,sensor_1
-26.0991,-57.7795,40.3360,sensor_1
-28.4842,-53.6113,40.0344,sensor_1
-30.8789,-48.7669,39.8422,sensor_1
-33.1922,-45.0798,39.7596,sensor_1
-36.0291,-40.2708,39.8549,sensor_1
-37.7504,-36.3155,39.7860,sensor_1
-40.2069,-31.6739,40.9686,sensor_1
-41.8432,-27.0137,39.6025,sensor_1
-44.3794,-23.2343,40.3997,sensor_1
-46.7207,-18.3517,40.0984,sensor_1
-49.1151,-14.4426,40.3322,sensor_1
-51.6648,-9.8683,40.0252,sensor_1
-53.6979,-4.9084,40.4830,sensor_1
-55.6336,-0.4760,40.1375,sensor_1
-57.6904,3.2640,40.2579,sensor_1
-60.5871,7.9335,40.1310,sensor_1
-62.6662,13.0242,40.5146,sensor_1
-65.6145,17.2498,40.8148,sensor_1
-66.7668,22.2364,40.1650,sensor_1
-17.7188,-65.4943,40.3785,sensor_1
-19.1508,-60.9015,40.0355,sensor_1
-21.6648,-56.8030,40.0069,sensor_1
-23.4599,-50.9705,40.0915,sensor_1
-25.6551,-47.4641,39.8458,sensor_1
-29.3495,-42.4904,39.9985,sensor_1
-30.0171,-38.2542,40.1955,sensor_1
-33.7381,-33.3900,40.0026,sensor_1
-35.4321,-30.2322,40.4539,sensor_1
-37.2995,-25.2169,40.1624,sensor_1
-39.7780,-20.2126,40.1666,sensor_1
-41.5822,-16.1793,39.9179,sensor_1
-44.6184,-12.5275,39.8479,sensor_1
-46.3724,-7.0914,39.8439,sensor_1
-48.8721,-3.4353,40.0310,sensor_1
-51.0806,1.9707,39.8597,sensor_1
-53.2146,6.8359,39.9816,sensor_1
-57.8146,14.5466,39.4444,sensor_1
-60.1293,19.5620,40.2013,sensor_1
-62.8175,23.8994,40.4153,sensor_1
-12.1577,-62.9041,39.5539,sensor_1
-14.5828,-58.1622,40.3706,sensor_1
-17.2350,-53.1046,40.1584,sensor_1
-19.3886,-50.1117,39.9293,sensor_1
-24.3489,-40.5632,40.2540,sensor_1
-26.6408,-35.4916,39.7590,sensor_1
-28.8061,-31.5592,39.6940,sensor_1
-30.7185,-26.9660,40.0297,sensor_1
-32.5197,-22.7039,40.2305,sensor_1
-35.7945,-18.8639,39.9111,sensor_1
-37.8407,-13.9820,40.4013,sensor_1
-40.8338,-9.7646,39.4925,sensor_1
-41.7981,-5.1103,39.9518,sensor_1
-44.9238,-0.1423,39.9879,sensor_1
-46.7301,3.2852,40.5425,sensor_1
-48.9394,8.6462,40.5655,sensor_1
-51.4152,12.8495,40.3840,sensor_1
-53.4678,17.2774,40.1480,sensor_1
-56.0639,22.0689,40.4600,sensor_1
-58.1552,26.9320,39.5937,sensor_1
-8.3846,-59.9572,39.9852,sensor_1
-11.1337,-55.6126,40.3244,sensor_1
-13.2613,-51.3750,39.7744,sensor_1
-15.5825,-47.2451,39.9646,sensor_1
-17.7673,-42.8648,39.7809,sensor_1
-19.6311,-38.2896,40.3947,sensor_1
-22.0816,-34.2936,39.6705,sensor_1
-24.2782,-28.8324,40.4312,sensor_1
-26.6869,-24.5857,39.7265,sensor_1
-28.3762,-20.5956,40.4032,sensor_1
-30.7833,-16.1034,40.2485,sensor_1
-33.6461,-11.5770,40.5137,sensor_1
-34.1036,-6.8492,40.1645,sensor_1
-38.1668,-2.2691,39.5523,sensor_1
-40.3630,1.9399,39.7107,sensor_1
-41.8106,6.6529,39.9343,sensor_1
-44.8161,10.2614,39.6421,sensor_1
-46.7357,15.3983,40.2572,sensor_1
-49.0677,19.4377,40.2603,sensor_1
-51.9478,24.0924,40.6514,sensor_1
-53.2363,28.3818,40.0165,sensor_1
-5.6328,-53.2033,39.6083,sensor_1
-8.5365,-49.2938,40.5619,sensor_1
-10.9509,-44.6953,40.0285,sensor_1
-12.0919,-40.3148,40.0867,sensor_1
-15.3141,-35.6399,40.3727,sensor_1
-17.8467,-31.4794,39.6637,sensor_1
-20.0018,-27.5556,39.6683,sensor_1
-24.5174,-18.5349,40.3197,sensor_1
-26.2659,-13.8194,39.7410,sensor_1
-28.5332,-9.9917,39.4555,sensor_1
-30.8302,-4.5948,40.4768,sensor_1
-33.4316,-0.8136,39.9553,sensor_1
-35.4264,3.8153,39.8875,sensor_1
-38.3858,8.1307,40.4307,sensor_1
-40.0058,12.5866,39.7546,sensor_1
-42.6331,17.6425,39.7236,sensor_1
-44.7647,21.1510,39.6925,sensor_1
-46.8275,26.6755,39.7279,sensor_1
-49.5172,31.0954,39.9972,sensor_1
0.4185,-55.8333,40.2033,sensor_1
-1.2703,-51.2814,39.9321,sensor_1
-3.9728,-47.1265,39.6580,sensor_1
-6.5429,-42.3087,39.5770,sensor_1
-8.1211,-38.0948,40.0861,sensor_1
-10.5514,-33.5726,40.5598,sensor_1
-13.1510,-29.3651,40.0487,sensor_1
-14.6189,-24.4975,39.8106,sensor_1
-17.6671,-20.6224,40.1402,sensor_1
-19.7446,-15.1139,39.4945,sensor_1
-21.7283,-11.3107,39.8893,sensor_1
-24.4118,-7.1828,40.1537,sensor_1
-26.2754,-3.0866,40.5974,sensor_1
-29.0298,2.4294,40.2812,sensor_1
-30.7353,6.5559,40.5179,sensor_1
-33.4181,10.5207,40.3732,sensor_1
-35.4580,16.0045,39.4342,sensor_1
-38.0465,20.0957,39.6980,sensor_1
-40.3268,24.9215,40.6351,sensor_1
-42.8252,29.1342,40.5538,sensor_1
-44.5135,33.2229,40.2223,sensor_1
4.7631,-53.9224,40.3960,sensor_1
2.8479,-48.6373,40.0223,sensor_1
-0.3129,-44.9478,40.2369,sensor_1
-1.6067,-40.3516,39.8514,sensor_1
-3.4865,-36.1528,40.3893,sensor_1
-6.3809,-31.8844,40.6358,sensor_1
-9.4294,-27.3078,40.2923,sensor_1
-10.9444,-22.2910,40.1061,sensor_1
-13.2477,-17.3414,40.0644,sensor_1
-15.4139,-14.0224,39.8799,sensor_1
-17.4007,-8.9903,40.1429,sensor_1
-20.1430,-4.4919,39.5461,sensor_1
-22.2869,-0.3652,39.8468,sensor_1
-24.3832,3.9449,39.8624,sensor_1
-26.0750,8.8939,40.5643,sensor_1
-28.9573,13.4279,40.4184,sensor_1
-30.8199,18.3750,40.0663,sensor_1
-33.4232,21.9835,38.9156,sensor_1
-36.2722,26.4637,40.3686,sensor_1
-38.2542,31.3102,40.5968,sensor_1
-40.4667,35.8668,40.7611,sensor_1
9.6951,-51.8054,40.6624,sensor_1
7.2058,-47.1385,40.1897,sensor_1
4.8055,-42.1755,40.4215,sensor_1
3.1508,-37.8920,39.8719,sensor_1
0.3987,-33.3337,40.0076,sensor_1
-0.7933,-29.2698,39.9448,sensor_1
-3.6832,-24.4683,40.1402,sensor_1
-6.4358,-20.1257,40.4424,sensor_1
-8.3582,-15.9255,40.3012,sensor_1
-10.5998,-11.0972,39.0698,sensor_1
-13.4767,-7.1814,40.0694,sensor_1
-15.3724,-2.1323,40.3662,sensor_1
-17.7494,2.0083,40.7657,sensor_1
-20.1894,6.5618,40.6979,sensor_1
-22.1238,10.1950,40.2812,sensor_1
-24.6504,15.3257,40.5179,sensor_1
-26.6205,19.7279,40.4622,sensor_1
-28.9024,24.3122,40.2554,sensor_1
-33.5061,33.0666,39.9893,sensor_1
-35.8558,37.3065,39.7094,sensor_1
14.4448,-49.2741,40.1416,sensor_1
11.6722,-44.7270,40.1579,sensor_1
9.4723,-40.5619,40.4762,sensor_1
6.9374,-35.4629,39.4784,sensor_1
4.5381,-31.0229,40.0981,sensor_1
2.4048,-26.7838,39.7841,sensor_1
0.3966,-23.2353,39.9917,sensor_1
-2.1277,-17.8161,40.4565,sensor_1
-4.4693,-12.9869,39.9428,sensor_1
-7.1597,-9.9278,40.6886,sensor_1
-8.7407,-4.8665,39.8882,sensor_1
-11.3623,0.2884,40.1206,sensor_1
-12.6234,4.2005,39.3274,sensor_1
-15.2244,8.5963,40.0670,sensor_1
-17.2413,13.0880,40.5567,sensor_1
-20.0616,17.3721,40.3276,sensor_1
-22.5400,22.5202,40.4860,sensor_1
-24.5778,26.7588,40.3476,sensor_1
-26.9662,31.3137,40.0704,sensor_1
-28.9240,35.1228,40.1857,sensor_1
-31.2640,39.6345,40.0050,sensor_1
18.2586,-46.6646,39.8991,sensor_1
16.3291,-41.9302,40.2764,sensor_1
13.3422,-37.9644,40.5163,sensor_1
11.5366,-33.1647,40.3687,sensor_1
9.5146,-29.1890,39.9734,sensor_1
7.0079,-24.6201,40.3362,sensor_1
4.9752,-20.2921,40.1764,sensor_1
2.6942,-16.3000,39.8850,sensor_1
0.0093,-11.3472,40.0578,sensor_1
-2.0709,-7.1259,40.3901,sensor_1
-4.1530,-2.9401,40.1596,sensor_1
-6.9141,2.6860,39.9958,sensor_1
-8.9274,6.5749,40.0855,sensor_1
-11.0798,11.5423,40.2348,sensor_1
-13.0368,15.8505,39.8147,sensor_1
-15.0076,20.1521,40.4910,sensor_1
-18.1708,24.6525,40.3009,sensor_1
-20.3265,29.6206,40.3547,sensor_1
-22.4921,33.3446,40.4751,sensor_1
-24.2825,37.9355,40.5826,sensor_1
-26.4333,41.7549,39.9868,sensor_1
22.5775,-44.6095,40.6620,sensor_1
20.8651,-40.5544,40.0542,sensor_1
18.7266,-35.9193,40.1232,sensor_1
16.2032,-31.9158,40.4299,sensor_1
13.9465,-26.6242,39.8145,sensor_1
11.2880,-22.5771,40.2447,sensor_1
9.3114,-17.8684,40.7841,sensor_1
7.4738,-13.7098,39.9283,sensor_1
5.3474,-9.1140,40.6396,sensor_1
3.0365,-4.7379,40.0627,sensor_1
0.2360,-0.3953,39.8147,sensor_1
-2.2034,4.6605,40.0002,sensor_1
-4.4051,8.6542,39.6793,sensor_1
-6.0833,12.4523,39.9281,sensor_1
-8.6773,17.2386,40.3687,sensor_1
-10.7044,21.8813,40.2300,sensor_1
-13.8014,26.8145,40.1878,sensor_1
-15.6074,31.5702,40.3217,sensor_1
-17.4817,35.7690,39.7369,sensor_1
-20.1313,40.1734,39.6508,sensor_1
-22.0260,44.4809,40.2856,sensor_1
22.5076,-33.4381,40.2617,sensor_1
20.4373,-28.9803,39.4149,sensor_1
18.7582,-24.9435,39.3929,sensor_1
15.6753,-20.3908,40.3469,sensor_1
13.4216,-15.5441,39.8207,sensor_1
12.2438,-10.9978,40.8411,sensor_1
8.8462,-6.5015,39.8216,sensor_1
7.1337,-2.0416,39.5980,sensor_1
4.2633,1.7677,39.6296,sensor_1
2.1350,6.2946,39.6497,sensor_1
0.1548,11.2763,39.6951,sensor_1
-2.3447,15.5428,40.0738,sensor_1
-6.4523,24.3766,40.8496,sensor_1
-8.3512,28.7637,40.1121,sensor_1
-10.8147,33.0793,40.2934,sensor_1
-13.4846,37.5678,40.0727,sensor_1
-16.3210,42.0788,39.4551,sensor_1
-17.2430,47.2507,40.5833,sensor_1
31.9185,-39.7578,40.5983,sensor_1
29.8981,-35.3312,39.8334,sensor_1
27.4223,-31.3850,39.7391,sensor_1
24.6025,-26.5935,40.5206,sensor_1
22.2530,-21.6776,40.6659,sensor_1
20.3282,-17.9958,40.1258,sensor_1
18.5346,-13.5131,39.7639,sensor_1
16.0411,-9.6472,40.2000,sensor_1
14.0563,-4.3627,40.4235,sensor_1
9.2832,4.6949,40.2010,sensor_1
6.5499,8.8164,40.1244,sensor_1
5.0108,13.9191,40.2972,sensor_1
2.0367,17.5496,40.0844,sensor_1
0.5163,22.3771,40.1306,sensor_1
-2.5075,27.0239,40.2513,sensor_1
-4.5274,31.2063,40.7403,sensor_1
-6.8357,36.2161,40.5848,sensor_1
-9.0312,40.3895,40.1067,sensor_1
-11.6094,44.4414,39.8325,sensor_1
-13.4105,48.9954,40.3487,sensor_1
34.2840,-34.4775,40.2590,sensor_1
31.0941,-28.8721,39.8429,sensor_1
29.4912,-23.9975,39.5523,sensor_1
27.2515,-20.0478,39.4877,sensor_1
25.1417,-15.5533,39.9719,sensor_1
22.3923,-9.9859,40.0121,sensor_1
19.7448,-6.9811,40.0217,sensor_1
17.9705,-2.2278,39.7836,sensor_1
16.0246,2.0855,39.6737,sensor_1
13.2796,6.5752,40.4470,sensor_1
9.1948,15.5016,40.1569,sensor_1
6.8305,20.7885,39.9338,sensor_1
4.6488,24.7842,39.8164,sensor_1
2.2816,29.0422,39.9856,sensor_1
0.1440,33.8000,40.5456,sensor_1
-2.3917,37.9615,40.9727,sensor_1
-4.9808,42.4278,40.4615,sensor_1
-6.8119,47.0347,40.2104,sensor_1
-8.8706,51.7091,40.0725,sensor_1
40.7888,-35.5898,40.0087,sensor_1
38.4428,-31.5116,40.4106,sensor_1
36.7756,-26.0639,40.5965,sensor_1
33.5724,-21.6735,39.8996,sensor_1
31.6213,-17.1042,39.7748,sensor_1
29.6643,-13.1969,40.0968,sensor_1
26.7933,-8.6924,39.9877,sensor_1
25.1958,-3.9568,39.6672,sensor_1
22.3832,-0.0419,39.7364,sensor_1
19.8988,4.5558,40.0772,sensor_1
17.4420,8.7915,40.3316,sensor_1
15.3280,13.1116,40.7057,sensor_1
13.9413,17.3225,39.6772,sensor_1
11.3423,21.9279,40.0615,sensor_1
8.7824,26.9960,39.2649,sensor_1
5.8995,30.8258,40.5049,sensor_1
4.3464,35.1121,40.3225,sensor_1
2.3782,40.0790,40.0343,sensor_1
0.0137,45.0434,40.2034,sensor_1
-2.2229,49.0582,40.0166,sensor_1
-5.0000,53.6198,40.0449,sensor_1
45.0894,-32.9752,40.3208,sensor_1
43.2093,-29.3970,40.3454,sensor_1
40.4283,-24.6734,39.8517,sensor_1
38.7888,-19.6457,39.8991,sensor_1
35.6967,-15.4756,39.9891,sensor_1
34.4058,-11.5368,39.5096,sensor_1
31.4655,-6.5666,40.1964,sensor_1
29.5487,-1.3897,40.0302,sensor_1
26.8245,1.7240,40.2352,sensor_1
25.0438,6.7036,40.5632,sensor_1
22.4858,11.7800,40.2666,sensor_1
19.8352,15.4819,39.6132,sensor_1
17.3273,20.2532,40.4544,sensor_1
16.3493,24.5955,40.0671,sensor_1
13.0072,29.4155,40.2862,sensor_1
10.9171,33.7659,40.3465,sensor_1
8.2010,38.2399,40.1976,sensor_1
6.4485,42.2890,40.7619,sensor_1
4.8531,47.5291,39.7480,sensor_1
1.8165,51.6620,39.7270,sensor_1
-0.4764,55.1686,40.7986,sensor_1
50.0017,-30.8701,40.2267,sensor_1
47.2138,-26.7148,40.3655,sensor_1
44.8407,-21.6910,39.9776,sensor_1
42.5141,-17.2112,40.0996,sensor_1
40.7441,-13.3557,39.3625,sensor_1
38.4715,-9.2268,40.5288,sensor_1
35.4672,-4.9531,40.2577,sensor_1
33.8889,0.1920,39.7252,sensor_1
29.5111,8.5520,39.9875,sensor_1
26.6544,13.3875,40.4485,sensor_1
21.7914,22.0215,40.0158,sensor_1
19.9131,26.9925,39.4739,sensor_1
18.1026,31.6004,40.0911,sensor_1
15.0964,35.7968,39.9619,sensor_1
13.5088,40.2200,40.4049,sensor_1
10.8889,45.2099,39.3433,sensor_1
8.4149,49.3318,39.6212,sensor_1
6.7582,53.1892,40.1826,sensor_1
3.9105,57.9156,40.2111,sensor_1
54.0481,-28.8941,40.9036,sensor_1
51.8178,-24.6451,40.4747,sensor_1
49.8321,-19.4226,40.7755,sensor_1
46.9461,-15.0247,40.5489,sensor_1
45.0051,-10.8547,39.0990,sensor_1
42.5341,-5.8597,39.5246,sensor_1
40.2775,-1.9297,40.3514,sensor_1
38.7661,1.8076,40.1650,sensor_1
36.2260,6.4198,40.1361,sensor_1
34.3149,11.7954,40.3388,sensor_1
30.4703,15.7441,40.2852,sensor_1
29.0073,20.2218,41.2292,sensor_1
26.7703,24.3604,40.2350,sensor_1
24.4649,29.0464,40.1195,sensor_1
22.5763,33.6929,39.7295,sensor_1
19.9890,38.2309,39.9863,sensor_1
18.1676,42.7919,39.8032,sensor_1
15.6075,47.6692,40.6961,sensor_1
13.2059,51.7441,39.9141,sensor_1
10.4488,56.0790,40.2363,sensor_1
8.8657,60.3313,40.2641,sensor_1
58.3603,-26.3251,40.4416,sensor_1
56.2494,-21.7507,39.5302,sensor_1
53.7247,-17.0751,40.7666,sensor_1
51.8176,-13.1618,39.7062,sensor_1
49.5872,-8.3981,39.6314,sensor_1
47.3856,-4.0438,40.3043,sensor_1
44.5254,0.4291,39.6257,sensor_1
43.1711,4.7418,39.7427,sensor_1
38.5810,14.0085,39.9223,sensor_1
36.6117,17.7082,40.2597,sensor_1
31.7142,26.1750,40.5005,sensor_1
29.0078,31.4192,39.7731,sensor_1
26.8765,35.4913,39.8110,sensor_1
24.3338,39.9052,40.7005,sensor_1
21.7555,44.5256,40.0393,sensor_1
19.9518,49.5222,40.4364,sensor_1
17.5746,53.5655,40.1623,sensor_1
15.6984,58.3990,39.9693,sensor_1
12.4200,63.3600,40.4830,sensor_1
63.0870,-24.1016,39.9674,sensor_1
60.3745,-19.8821,40.0721,sensor_1
55.9661,-11.3657,40.0406,sensor_1
54.1168,-6.5738,40.1577,sensor_1
50.9203,-2.0183,40.1073,sensor_1
48.9460,1.9041,40.2941,sensor_1
46.8218,7.1354,40.0029,sensor_1
45.0533,11.3009,39.6227,sensor_1
42.5350,15.7596,40.3801,sensor_1
40.1376,20.1920,40.4510,sensor_1
38.4335,25.0504,40.5132,sensor_1
35.9144,29.5093,40.4574,sensor_1
33.6268,33.7167,40.1998,sensor_1
32.0572,38.1545,40.0671,sensor_1
28.8180,42.5931,40.2355,sensor_1
26.2797,46.3666,40.2533,sensor_1
23.8435,51.6054,40.1992,sensor_1
22.5392,56.5544,40.2787,sensor_1
17.4019,64.4687,39.8729,sensor_1
67.4638,-22.6751,40.1763,sensor_1
65.1757,-17.2702,40.0329,sensor_1
62.9457,-13.2984,39.9876,sensor_1
60.0194,-8.5424,40.6921,sensor_1
58.4270,-4.0026,39.8064,sensor_1
56.6010,0.0559,40.4306,sensor_1
53.8677,4.4437,40.5095,sensor_1
49.2956,13.7520,40.3082,sensor_1
44.7428,22.4670,40.3132,sensor_1
42.3387,27.0774,39.9163,sensor_1
39.6889,31.2740,39.9767,sensor_1
37.9457,36.3792,39.5587,sensor_1
35.7155,39.6455,39.7839,sensor_1
33.2231,44.0861,39.4998,sensor_1
31.1845,49.3569,40.1102,sensor_1
28.5794,54.5388,40.0936,sensor_1
26.2890,58.8272,40.3650,sensor_1
24.1909,63.1123,40.2048,sensor_1
22.2759,67.2320,39.7901,sensor_1
72.2448,-19.6247,39.7967,sensor_1
69.3679,-14.8914,40.0207,sensor_1
67.3812,-10.5417,40.1949,sensor_1
64.5607,-6.0927,40.4784,sensor_1
63.1284,-1.2948,40.2775,sensor_1
60.8271,3.1506,40.0482,sensor_1
58.8929,7.6565,40.4241,sensor_1
56.6591,11.8026,39.8418,sensor_1
54.1434,16.0737,40.2947,sensor_1
51.5294,20.8903,40.3433,sensor_1
48.9618,25.0395,40.4052,sensor_1
46.6815,29.1725,40.0159,sensor_1
44.4529,33.9016,40.5062,sensor_1
43.0578,38.6527,40.5077,sensor_1
40.5257,43.1570,40.0182,sensor_1
38.0984,47.2574,40.1047,sensor_1
35.4264,51.4228,40.0562,sensor_1
32.8835,56.2373,40.1423,sensor_1
31.0828,60.6283,40.4037,sensor_1
28.5687,64.9276,39.5870,sensor_1
25.7289,68.7406,40.6879,sensor_1
75.7207,-17.2456,40.6670,sensor_1
73.9297,-12.3854,40.7965,sensor_1
72.1509,-7.6704,40.3680,sensor_1
69.2951,-3.8624,39.9957,sensor_1
66.8251,-0.0361,40.9606,sensor_1
64.8225,4.8579,39.9201,sensor_1
62.7910,9.2387,40.0096,sensor_1
60.0496,13.2834,39.8935,sensor_1
58.3068,18.9604,40.5232,sensor_1
56.5732,22.8592,40.1247,sensor_1
53.2020,27.1458,39.4051,sensor_1
51.2912,32.1703,40.2714,sensor_1
49.5219,35.9224,39.6751,sensor_1
46.6898,40.3728,40.5793,sensor_1
45.2794,44.7080,40.0321,sensor_1
42.2676,49.3005,39.7228,sensor_1
40.0815,54.0048,40.2936,sensor_1
37.3572,58.2936,39.5500,sensor_1
35.8295,62.4319,40.0632,sensor_1
33.0830,67.0401,39.7890,sensor_1
30.3520,72.3062,40.2495,sensor_1
80.9180,-14.3961,40.1251,sensor_1
78.7488,-10.6681,40.5761,sensor_1
76.4613,-6.1101,40.0715,sensor_1
74.1139,-1.3576,39.4341,sensor_1
71.7011,2.5441,40.0561,sensor_1
68.7848,7.4015,39.8654,sensor_1
67.1271,11.4243,39.5769,sensor_1
64.7805,15.4111,39.8315,sensor_1
62.5565,20.5092,40.1809,sensor_1
60.3487,25.7141,40.3139,sensor_1
57.6994,29.2067,39.9315,sensor_1
55.7950,33.6648,39.8622,sensor_1
54.1643,38.3465,40.0436,sensor_1
51.2289,42.7103,40.6492,sensor_1
49.2148,47.6344,39.0705,sensor_1
46.8917,52.0672,40.8527,sensor_1
44.5181,55.5508,40.3683,sensor_1
42.0283,59.9797,39.9457,sensor_1
40.3377,65.4827,40.4150,sensor_1
37.3315,70.3982,39.7533,sensor_1
35.4014,73.4668,40.6239,sensor_1
85.4390,-12.5471,40.1948,sensor_1
82.9894,-8.3415,39.5026,sensor_1
81.0916,-3.6276,40.0264,sensor_1
78.4696,0.6130,40.7136,sensor_1
76.3555,4.9783,39.9863,sensor_1
73.4086,9.2102,40.1898,sensor_1
71.5769,13.9007,40.4261,sensor_1
69.5480,18.4260,40.3953,sensor_1
67.1912,22.7742,40.3303,sensor_1
64.2517,27.6788,39.7149,sensor_1
62.8797,31.7003,40.5544,sensor_1
60.3295,35.8207,40.5426,sensor_1
58.1122,40.6480,40.1957,sensor_1
56.1284,45.3481,40.2482,sensor_1
52.9656,49.3759,40.2049,sensor_1
49.5970,58.5623,40.1361,sensor_1
47.1178,62.8441,40.1588,sensor_1
44.4845,66.8141,40.5039,sensor_1
42.3088,71.6947,39.7692,sensor_1
39.9648,76.7388,39.9448,sensor_1
89.3727,-10.4347,39.6106,sensor_1
86.6971,-6.2821,39.9280,sensor_1
85.1078,-1.8642,40.2861,sensor_1
82.8577,2.5743,40.0098,sensor_1
80.8862,7.5747,40.4866,sensor_1
78.6395,10.5401,39.8196,sensor_1
73.7456,20.6767,39.6044,sensor_1
72.0837,25.1661,39.9533,sensor_1
69.3734,29.3938,39.9049,sensor_1
67.2235,33.8114,39.6769,sensor_1
64.5543,38.3853,39.7933,sensor_1
62.9483,42.4994,40.7865,sensor_1
60.5502,47.0065,40.2172,sensor_1
58.3812,51.7245,39.7545,sensor_1
55.7370,56.9432,39.6508,sensor_1
53.6224,60.7056,40.1316,sensor_1
51.0223,65.0458,40.5364,sensor_1
49.0981,69.2639,40.7192,sensor_1
43.8957,78.7554,40.2383,sensor_1
94.6236,-8.1823,40.5439,sensor_1
91.9260,-3.5110,40.2952,sensor_1
90.4170,0.3603,40.5929,sensor_1
87.5578,5.1209,39.9769,sensor_1
85.2820,8.9986,39.6964,sensor_1
83.1049,13.4254,40.6785,sensor_1
80.4900,18.5123,40.2022,sensor_1
78.4634,22.7825,40.0475,sensor_1
76.0025,27.7027,40.5729,sensor_1
74.2227,31.9185,40.1062,sensor_1
70.9191,36.4708,40.4707,sensor_1
69.0960,40.9833,40.6278,sensor_1
67.0003,45.5259,40.2844,sensor_1
64.0902,49.4457,40.0333,sensor_1
62.6128,53.7640,40.0232,sensor_1
59.8208,58.5077,40.2013,sensor_1
58.2288,63.2553,40.2345,sensor_1
55.7022,67.4695,40.2163,sensor_1
49.3493,79.9263,40.1155,sensor_1
98.7715,-5.6387,39.7940,sensor_1
96.5135,-1.2775,40.0211,sensor_1
93.4541,2.7500,39.7567,sensor_1
92.0800,7.0332,40.8002,sensor_1
89.6318,11.5041,40.0004,sensor_1
86.9301,16.3774,40.6989,sensor_1
82.8802,25.9575,39.6850,sensor_1
80.9338,30.0169,39.5190,sensor_1
77.7305,33.7195,40.5160,sensor_1
75.8124,38.4575,40.4245,sensor_1
73.7337,43.0501,40.0644,sensor_1
69.5459,51.6088,40.7630,sensor_1
66.7641,56.0567,40.4029,sensor_1
64.7701,60.0977,40.2538,sensor_1
61.8697,64.9553,40.4515,sensor_1
59.7701,69.8247,40.0430,sensor_1
58.4782,74.1214,39.7642,sensor_1
55.1447,78.2926,40.2195,sensor_1
53.2597,83.4033,40.2329,sensor_1
103.1593,-3.6538,40.1285,sensor_1
100.9462,0.9615,40.4476,sensor_1
98.3827,4.5233,39.8901,sensor_1
96.4017,8.7256,40.0061,sensor_1
94.1899,13.8538,39.7807,sensor_1
92.3761,18.9904,40.0812,sensor_1
89.9548,23.4148,39.7757,sensor_1
88.1596,27.0870,40.0786,sensor_1
84.5676,31.8966,39.7100,sensor_1
82.6780,36.7028,40.2444,sensor_1
80.3176,41.3194,39.8554,sensor_1
78.4785,45.1273,40.2442,sensor_1
75.8802,49.7324,40.1495,sensor_1
73.3250,53.9430,40.3221,sensor_1
71.2903,58.1893,39.9200,sensor_1
68.8150,63.0314,40.2285,sensor_1
66.8185,67.2760,40.1714,sensor_1
64.0369,70.9499,40.1452,sensor_1
61.6664,76.0819,39.7415,sensor_1
60.1942,80.4438,40.2589,sensor_1
57.5319,84.8883,39.6100,sensor_1
107.7174,-1.3758,40.4307,sensor_1
105.9256,3.0381,40.2572,sensor_1
102.9704,7.4338,40.0351,sensor_1
100.4297,12.5487,39.5051,sensor_1
98.5605,16.4599,40.2083,sensor_1
95.8642,20.6919,39.9932,sensor_1
93.5536,25.1966,40.0108,sensor_1
91.4653,29.9057,39.7816,sensor_1
89.5415,33.9069,40.3006,sensor_1
87.1407,38.6589,39.8076,sensor_1
84.5745,42.7294,40.2102,sensor_1
82.8360,47.8603,39.9737,sensor_1
80.3339,51.3721,39.3730,sensor_1
77.7309,56.1591,39.6047,sensor_1
75.1416,61.0324,39.8659,sensor_1
72.9050,66.1110,40.2056,sensor_1
71.1101,69.9908,39.8793,sensor_1
69.5045,73.6709,39.6874,sensor_1
66.6313,78.3952,40.6349,sensor_1
63.8489,82.8612,40.2247,sensor_1
62.3336,87.9201,40.2604,sensor_1
112.7594,0.5733,40.2010,sensor_1
110.0185,5.0826,40.0366,sensor_1
107.2869,9.4224,39.7442,sensor_1
104.9845,13.5609,40.2696,sensor_1
102.3518,19.2756,40.7292,sensor_1
101.0219,22.9360,39.9308,sensor_1
98.7927,27.5272,40.3300,sensor_1
95.8442,32.2903,39.8555,sensor_1
93.8620,35.7696,39.9053,sensor_1
91.7290,40.6704,39.9775,sensor_1
89.5589,45.2566,40.5659,sensor_1
83.9009,54.3899,40.3093,sensor_1
81.9349,58.1939,40.4383,sensor_1
79.8309,62.8794,40.3405,sensor_1
77.8171,67.7223,39.8292,sensor_1
75.7662,72.3882,40.2449,sensor_1
72.6277,76.6928,40.1518,sensor_1
70.8068,81.4063,39.5237,sensor_1
69.5057,85.1552,40.6799,sensor_1
66.5669,89.3670,40.1643,sensor_1
-66.5327,-89.8967,5.3878,sensor_1
-66.3148,-90.3947,9.7978,sensor_1
-65.9589,-89.7899,14.8420,sensor_1
-66.6868,-89.6368,19.5895,sensor_1
-66.1648,-90.3493,24.5190,sensor_1
-66.1772,-90.1350,30.6321,sensor_1
-65.4290,-90.1344,35.4878,sensor_1
-65.8565,-90.2512,39.8285,sensor_1
-68.5920,-85.6603,4.9200,sensor_1
-68.9714,-85.5963,14.6123,sensor_1
-68.7135,-85.1853,20.9388,sensor_1
-68.3597,-85.9850,25.4021,sensor_1
-69.2732,-85.8559,30.6610,sensor_1
-68.2312,-86.0948,34.5511,sensor_1
-68.1928,-85.6305,39.9236,sensor_1
-70.5432,-81.2520,15.5068,sensor_1
-70.8952,-81.3866,19.4445,sensor_1
-71.1432,-80.9081,26.1945,sensor_1
-71.1965,-81.5202,30.2482,sensor_1
-73.5903,-76.8074,5.4443,sensor_1
-72.4613,-76.7620,10.0404,sensor_1
-73.2783,-77.1686,25.3083,sensor_1
-72.9025,-76.3667,30.1620,sensor_1
-73.2542,-76.8552,34.7731,sensor_1
-75.5042,-71.7292,10.2234,sensor_1
-75.2517,-72.6234,30.3803,sensor_1
-75.2721,-72.0104,35.1310,sensor_1
-75.5370,-72.5953,40.3775,sensor_1
-77.9555,-67.3792,10.2262,sensor_1
-77.7264,-68.3649,20.0727,sensor_1
-77.2186,-67.8916,24.9880,sensor_1
-77.3424,-68.2172,30.1539,sensor_1
-77.3571,-68.0592,34.8478,sensor_1
-77.4786,-67.8226,40.0542,sensor_1
-79.3635,-63.6265,10.5171,sensor_1
-79.5703,-63.3425,15.3069,sensor_1
-79.5453,-62.7108,19.7712,sensor_1
-79.6244,-63.3798,25.0661,sensor_1
-79.4346,-63.0470,29.7859,sensor_1
-79.9308,-63.2518,34.6482,sensor_1
-81.9857,-58.2487,5.1515,sensor_1
-82.2258,-58.2722,9.9651,sensor_1
-82.2837,-59.3558,15.5138,sensor_1
-82.0073,-58.7116,20.1969,sensor_1
-82.1482,-59.1467,24.8691,sensor_1
-81.9516,-58.8316,30.7048,sensor_1
-82.3643,-59.0430,34.7864,sensor_1
-81.6236,-59.3011,40.4072,sensor_1
-85.1070,-54.5527,4.5662,sensor_1
-84.3109,-54.4156,9.8743,sensor_1
-84.5596,-54.1401,30.2932,sensor_1
-84.4504,-55.0350,34.9633,sensor_1
-83.9545,-54.5024,40.3588,sensor_1
-86.5287,-50.1629,5.0131,sensor_1
-86.5391,-50.1677,10.2611,sensor_1
-86.7097,-50.7781,15.0917,sensor_1
-86.5893,-50.4977,29.8889,sensor_1
-88.6849,-45.7920,5.0475,sensor_1
-88.9953,-45.5140,9.4176,sensor_1
-88.3694,-44.9246,20.4232,sensor_1
-89.0756,-45.1740,25.0738,sensor_1
-88.7463,-44.8923,35.1349,sensor_1
-88.1273,-44.5519,39.7002,sensor_1
-91.3615,-41.0732,5.4778,sensor_1
-90.8515,-40.9599,10.1452,sensor_1
-91.1743,-40.8755,24.6915,sensor_1
-91.6650,-40.5817,35.0309,sensor_1
-92.2101,-41.1246,40.3546,sensor_1
-93.3831,-36.3592,9.7897,sensor_1
-93.6570,-36.4308,14.4842,sensor_1
-93.6109,-37.3878,25.1536,sensor_1
-93.9051,-36.3670,30.1106,sensor_1
-93.3534,-36.3712,34.9633,sensor_1
-93.1584,-36.1626,40.2831,sensor_1
-96.2232,-32.1010,20.5457,sensor_1
-95.4338,-31.9735,24.9635,sensor_1
-96.0523,-32.1704,29.6823,sensor_1
-95.0921,-32.6331,40.2951,sensor_1
-97.9703,-27.7371,4.9895,sensor_1
-97.8070,-27.1599,9.9411,sensor_1
-97.2243,-28.4354,19.9100,sensor_1
-96.6634,-27.5629,30.7684,sensor_1
-97.5344,-27.8357,35.3121,sensor_1
-97.4058,-27.6229,40.2184,sensor_1
-100.7456,-23.5938,25.2570,sensor_1
-100.8082,-23.1351,29.9158,sensor_1
-100.5535,-23.4636,40.1645,sensor_1
-102.6102,-18.4444,5.0151,sensor_1
-103.3850,-18.3149,9.7645,sensor_1
-102.7359,-18.6022,25.0125,sensor_1
-102.4895,-18.7234,30.3572,sensor_1
-102.7428,-18.8234,35.2170,sensor_1
-102.4979,-19.0550,40.7396,sensor_1
-104.3750,-15.0828,5.8536,sensor_1
-104.8741,-14.7519,10.1850,sensor_1
-104.8633,-14.4265,25.8933,sensor_1
-105.0802,-13.9751,35.3560,sensor_1
-105.4019,-14.1020,40.3629,sensor_1
-107.4316,-9.5738,20.8117,sensor_1
-106.6112,-10.3451,25.5810,sensor_1
-106.9959,-9.8887,34.9314,sensor_1
-107.0743,-9.3880,40.3274,sensor_1
-109.1383,-4.7672,9.7707,sensor_1
-109.3428,-5.5494,14.8766,sensor_1
-109.2039,-5.2243,19.6459,sensor_1
-109.7018,-5.0010,30.2482,sensor_1
-109.1611,-5.5897,35.0060,sensor_1
-109.1830,-5.5882,39.7530,sensor_1
-111.2455,-0.7173,4.8387,sensor_1
-111.6096,-0.9752,10.3578,sensor_1
-111.3811,-1.4123,14.6707,sensor_1
-111.2553,-0.9215,20.2827,sensor_1
-111.4964,-0.4298,24.7198,sensor_1
-111.2345,-1.2443,30.3902,sensor_1
-111.1475,-1.4397,35.2777,sensor_1
-111.7082,-1.0613,40.1528,sensor_1
-111.3195,-1.1572,4.6343,sensor_1
-110.8104,-0.5802,10.2625,sensor_1
-111.9685,-1.1622,15.2220,sensor_1
-111.9443,-0.4063,20.1854,sensor_1
-111.4763,-1.3164,24.8244,sensor_1
-111.8846,-0.8652,30.0464,sensor_1
-111.7119,-0.8518,35.2159,sensor_1
-111.0999,-1.0286,39.7885,sensor_1
-107.1402,1.1860,5.2778,sensor_1
-107.0684,1.0299,10.0595,sensor_1
-106.8597,1.1948,20.0130,sensor_1
-106.8368,0.9059,25.1184,sensor_1
-107.7960,1.1790,29.8954,sensor_1
-107.5714,1.5090,34.8854,sensor_1
-107.2831,1.2210,39.8852,sensor_1
-102.8071,3.3789,10.1879,sensor_1
-102.1656,3.5342,15.0908,sensor_1
-102.5099,3.8220,24.8947,sensor_1
-102.9955,3.3122,35.3160,sensor_1
-102.5938,2.8562,40.1707,sensor_1
-98.6757,5.7415,10.9529,sensor_1
-98.4556,5.4170,15.2977,sensor_1
-98.1672,6.4195,19.7039,sensor_1
-98.7929,5.7422,25.2692,sensor_1
-98.1232,6.2228,29.6267,sensor_1
-98.5288,5.8053,35.4275,sensor_1
-98.0823,5.7059,39.7891,sensor_1
-93.9448,8.3471,20.1109,sensor_1
-93.7910,8.6262,25.2477,sensor_1
-93.7373,8.1142,30.1611,sensor_1
-93.5937,7.8457,35.5323,sensor_1
-93.2514,8.5164,39.9711,sensor_1
-89.0249,9.9348,15.2352,sensor_1
-89.5263,10.0656,19.5054,sensor_1
-89.2416,10.0264,30.0299,sensor_1
-89.4283,9.8612,34.5698,sensor_1
-89.1842,10.4414,39.8199,sensor_1
-85.1845,12.8723,5.8661,sensor_1
-84.8575,13.1639,9.2531,sensor_1
-84.6128,13.0207,20.5543,sensor_1
-84.4688,12.6505,24.8832,sensor_1
-85.0453,12.6775,35.4407,sensor_1
-84.7686,13.4480,40.8802,sensor_1
-80.5472,14.8080,15.4553,sensor_1
-80.2631,15.0875,20.4655,sensor_1
-80.7730,15.0047,24.9219,sensor_1
-79.9652,14.5290,35.5421,sensor_1
-80.3547,14.6309,39.7550,sensor_1
-76.4052,16.3406,14.9283,sensor_1
-76.0491,17.5120,19.9721,sensor_1
-75.5143,17.3212,29.9476,sensor_1
-75.7470,17.5340,35.2219,sensor_1
-76.0549,16.6597,40.3726,sensor_1
-71.2662,19.4326,5.4098,sensor_1
-71.3482,19.7867,15.6262,sensor_1
-72.1776,19.4474,20.3865,sensor_1
-71.0928,20.0530,24.8166,sensor_1
-71.9729,19.8793,35.4630,sensor_1
-71.3471,18.7199,39.9052,sensor_1
-67.0966,22.0477,5.2370,sensor_1
-66.9657,21.5879,10.1411,sensor_1
-67.1070,21.9917,15.0772,sensor_1
-66.7033,21.1529,20.5542,sensor_1
-67.1196,22.1300,25.1680,sensor_1
-66.7653,22.2564,29.9474,sensor_1
-67.0332,21.6810,35.2110,sensor_1
-67.6210,21.6805,40.0527,sensor_1
-62.1226,24.1641,5.7902,sensor_1
-62.9084,23.6058,10.2362,sensor_1
-63.1831,24.0874,14.8953,sensor_1
-62.7221,24.0969,20.1541,sensor_1
-61.9628,24.2275,24.6914,sensor_1
-63.0382,23.7223,35.5921,sensor_1
-62.7997,23.7856,39.9432,sensor_1
-58.2794,26.6687,15.1371,sensor_1
-58.3192,26.0315,19.8193,sensor_1
-58.3581,26.3237,25.5658,sensor_1
-57.8203,26.0805,29.8822,sensor_1
-57.9145,25.6477,34.9827,sensor_1
-58.2679,25.8907,39.7897,sensor_1
-53.3276,28.4354,10.0410,sensor_1
-53.8294,28.3083,14.7912,sensor_1
-53.6990,28.2313,30.3898,sensor_1
-54.2236,28.7624,34.8215,sensor_1
-53.5672,29.0133,40.3219,sensor_1
-49.6593,30.4236,5.1393,sensor_1
-49.0705,30.1961,10.0985,sensor_1
-49.0820,30.8412,14.7770,sensor_1
-48.9009,30.3836,20.3448,sensor_1
-48.7069,30.0990,25.2095,sensor_1
-49.1512,30.8789,29.8559,sensor_1
-49.3672,30.3195,35.1650,sensor_1
-49.0756,30.5708,39.8005,sensor_1
-45.7452,33.2801,10.6060,sensor_1
-45.2942,32.8390,15.2202,sensor_1
-44.4803,33.2901,20.5557,sensor_1
-44.8266,33.2093,25.2578,sensor_1
-44.4727,32.9329,35.4697,sensor_1
-45.1702,33.2015,39.2193,sensor_1
-40.2946,34.7799,5.6460,sensor_1
-40.1499,35.3270,10.2578,sensor_1
-40.2420,35.8208,15.1887,sensor_1
-40.8587,35.2481,20.5549,sensor_1
-40.1595,35.1915,25.3241,sensor_1
-40.2342,36.0062,40.0084,sensor_1
-35.4323,37.5702,10.4996,sensor_1
-35.8577,37.6566,15.3445,sensor_1
-36.2314,37.6752,25.9893,sensor_1
-35.8719,38.1759,29.9965,sensor_1
-35.6893,37.6233,35.2582,sensor_1
-36.1916,37.2919,40.2302,sensor_1
-31.3938,39.7516,10.1668,sensor_1
-31.5083,40.5086,14.9664,sensor_1
-32.1130,39.9158,20.1164,sensor_1
-31.4546,39.8615,29.5753,sensor_1
-31.2823,39.8538,35.5768,sensor_1
-31.5857,39.4546,40.1596,sensor_1
-27.1641,41.8698,10.0955,sensor_1
-27.1863,42.1981,15.0231,sensor_1
-27.7534,42.1250,20.5883,sensor_1
-26.8857,42.3497,25.2706,sensor_1
-27.1483,41.6930,30.3907,sensor_1
-26.6307,42.3384,35.2598,sensor_1
-23.3519,44.4585,14.3431,sensor_1
-21.8874,44.6596,20.3433,sensor_1
-22.7574,44.0361,25.0449,sensor_1
-22.5262,44.1572,30.1702,sensor_1
-22.3011,44.6194,34.7672,sensor_1
-23.2608,44.4188,39.8957,sensor_1
-17.9802,47.0610,5.6705,sensor_1
-18.0605,46.7803,10.4049,sensor_1
-18.1860,47.1810,25.5262,sensor_1
-18.4888,47.0531,29.9863,sensor_1
-17.6144,46.8636,35.1066,sensor_1
-17.8475,46.5063,40.2326,sensor_1
-13.8004,49.9780,15.0501,sensor_1
-13.7693,49.2986,24.8130,sensor_1
-13.7074,48.6822,35.2798,sensor_1
-14.0065,48.6520,40.3856,sensor_1
-9.3462,51.1842,15.3984,sensor_1
-8.9583,51.3460,30.5963,sensor_1
-8.5154,50.5663,40.2333,sensor_1
-4.6230,53.3614,15.3495,sensor_1
-4.7504,53.3657,30.3603,sensor_1
-4.9527,53.7863,34.7882,sensor_1
-4.9885,53.5299,39.6649,sensor_1
0.0758,55.6109,5.3262,sensor_1
-0.1582,55.6460,9.9740,sensor_1
-0.7893,55.5675,14.8931,sensor_1
0.3124,56.1315,19.6966,sensor_1
0.0358,55.8702,25.0223,sensor_1
-0.0753,56.0574,29.9605,sensor_1
-0.1659,55.7715,39.9250,sensor_1
4.3375,57.7880,5.3941,sensor_1
4.2851,58.2628,10.5301,sensor_1
3.9431,58.7255,20.4565,sensor_1
3.6511,58.2087,24.9670,sensor_1
4.2766,58.1950,40.1592,sensor_1
8.3159,60.3388,5.1103,sensor_1
8.5263,60.5805,9.7275,sensor_1
8.5323,60.3556,20.2755,sensor_1
8.6022,60.3030,30.4141,sensor_1
8.9268,60.9171,35.2077,sensor_1
8.5297,60.1755,40.3635,sensor_1
13.2304,62.6935,5.1606,sensor_1
12.8979,61.7802,9.9745,sensor_1
13.1424,62.0062,20.8003,sensor_1
13.2030,62.2166,25.4108,sensor_1
12.8850,62.7935,30.1571,sensor_1
12.7551,62.8273,34.7122,sensor_1
13.5789,62.6297,39.8137,sensor_1
17.1849,65.4180,5.2046,sensor_1
17.5234,64.8515,10.0622,sensor_1
18.0635,64.9290,14.5478,sensor_1
17.4793,64.5843,25.1652,sensor_1
17.7246,64.9577,29.9544,sensor_1
17.3342,65.1567,35.1171,sensor_1
18.3314,64.6161,40.4077,sensor_1
22.2748,67.0588,15.5936,sensor_1
22.6227,67.3457,20.2058,sensor_1
21.9831,67.0794,30.0155,sensor_1
21.5604,67.4454,35.1774,sensor_1
22.0832,67.6115,39.9647,sensor_1
26.9428,69.1733,10.2163,sensor_1
26.0372,69.3810,14.9192,sensor_1
26.9534,69.6645,20.3173,sensor_1
27.1125,69.8945,25.3863,sensor_1
26.2788,68.9440,30.1402,sensor_1
26.3888,69.2068,35.0544,sensor_1
25.9610,69.9109,39.7742,sensor_1
30.6052,71.5334,9.5392,sensor_1
30.6611,71.8793,20.6467,sensor_1
30.5399,71.4998,24.5685,sensor_1
30.9203,71.5456,34.9153,sensor_1
31.2433,71.1506,40.3985,sensor_1
35.7653,74.5766,5.0022,sensor_1
35.5914,74.5375,9.9444,sensor_1
35.3324,73.5550,15.1010,sensor_1
35.3888,73.8208,19.9046,sensor_1
34.8902,73.5130,24.8255,sensor_1
40.2418,75.9407,10.4441,sensor_1
40.1740,75.7899,20.8110,sensor_1
40.3275,76.3650,35.6166,sensor_1
40.8136,76.2944,39.2879,sensor_1
44.2373,78.4336,9.2745,sensor_1
44.4259,78.1546,20.1329,sensor_1
44.2316,78.2219,30.5965,sensor_1
44.5034,78.3564,34.4144,sensor_1
44.0310,77.8451,40.5731,sensor_1
48.8405,81.5949,25.6838,sensor_1
48.7959,80.6408,30.2190,sensor_1
49.1354,80.2687,34.5089,sensor_1
49.4264,80.8657,40.7017,sensor_1
53.4073,83.5738,5.5017,sensor_1
53.0775,83.3479,9.9207,sensor_1
53.5296,82.6047,20.4505,sensor_1
52.6360,82.5230,35.5010,sensor_1
57.8278,85.1213,5.0415,sensor_1
57.3898,85.3991,10.0046,sensor_1
58.0221,85.5599,14.8674,sensor_1
58.3303,84.9188,20.3067,sensor_1
58.0683,85.7558,24.3811,sensor_1
58.0399,85.7347,30.6516,sensor_1
56.9152,85.0734,35.1155,sensor_1
57.5354,85.7775,39.9130,sensor_1
61.7996,87.4155,5.1838,sensor_1
62.4933,87.5156,10.4679,sensor_1
61.5955,86.5126,15.0321,sensor_1
62.3065,87.4530,19.7967,sensor_1
62.2939,88.2560,25.1138,sensor_1
61.8920,87.2835,30.8381,sensor_1
62.1320,87.7937,35.5770,sensor_1
62.5231,87.2567,40.4846,sensor_1
66.4047,89.8234,4.9664,sensor_1
66.8665,89.6208,10.2877,sensor_1
66.2182,89.8067,15.0234,sensor_1
66.5611,89.8959,30.0856,sensor_1
66.5243,89.1248,35.5368,sensor_1
66.3830,89.7637,39.8604,sensor_1
-66.5137,-90.3499,39.6188,sensor_2
-69.6291,-85.3300,39.3363,sensor_2
-72.0668,-80.5277,40.0624,sensor_2
-73.2525,-76.3560,39.5232,sensor_2
-75.2696,-72.3905,40.5547,sensor_2
-77.8362,-68.2141,40.1898,sensor_2
-79.4945,-63.2025,40.2590,sensor_2
-82.5292,-58.8780,38.9822,sensor_2
-84.2921,-54.3590,40.0190,sensor_2
-87.3915,-50.0661,40.2772,sensor_2
-89.3998,-45.4333,39.4450,sensor_2
-91.4608,-40.5650,39.7252,sensor_2
-93.8698,-36.8099,40.3778,sensor_2
-96.2905,-31.9817,40.4769,sensor_2
-98.4230,-28.0159,39.5624,sensor_2
-100.7391,-22.3915,39.9659,sensor_2
-102.9617,-18.2703,40.3456,sensor_2
-105.4187,-13.6023,40.1898,sensor_2
-107.2641,-10.4815,39.9576,sensor_2
-109.2014,-5.2911,40.7013,sensor_2
-111.9351,-1.0970,40.0982,sensor_2
-62.0030,-87.2765,39.8116,sensor_2
-63.9174,-83.3100,39.9366,sensor_2
-67.0849,-78.9407,39.9622,sensor_2
-69.1468,-74.3622,39.8180,sensor_2
-71.0957,-69.4780,40.1620,sensor_2
-73.0935,-65.2206,39.6990,sensor_2
-76.2843,-60.9605,39.6104,sensor_2
-78.6356,-55.8003,39.2418,sensor_2
-80.1381,-51.7309,39.8091,sensor_2
-81.6189,-47.4648,39.6210,sensor_2
-84.1805,-43.3001,39.3840,sensor_2
-87.4294,-38.7893,39.9083,sensor_2
-89.2239,-34.6458,40.0161,sensor_2
-90.8220,-29.9050,39.8454,sensor_2
-93.6367,-24.7695,39.6553,sensor_2
-96.4945,-21.0996,40.2812,sensor_2
-98.1037,-17.0549,39.1329,sensor_2
-101.1323,-12.3642,40.0375,sensor_2
-102.8851,-6.6810,40.1742,sensor_2
-105.1896,-2.5024,39.5754,sensor_2
-107.9993,1.5452,40.2258,sensor_2
-58.2240,-84.9793,40.1976,sensor_2
-60.0967,-80.7820,39.7950,sensor_2
-62.1598,-76.1002,39.6068,sensor_2
-64.0890,-71.6228,40.2148,sensor_2
-67.4287,-68.1389,40.1383,sensor_2
-69.2070,-63.2676,39.6205,sensor_2
-71.7457,-58.6690,39.6353,sensor_2
-73.7717,-53.9419,39.4718,sensor_2
-75.4087,-50.4476,40.7838,sensor_2
-80.8323,-40.5397,40.2168,sensor_2
-82.6199,-36.0272,39.8535,sensor_2
-85.5155,-31.7143,40.2993,sensor_2
-87.3548,-27.9864,39.6775,sensor_2
-89.3126,-22.8195,40.2856,sensor_2
-91.4997,-18.2914,39.1788,sensor_2
-93.1744,-13.9994,40.1995,sensor_2
-96.3616,-9.6159,39.9134,sensor_2
-100.2164,-0.1109,40.1129,sensor_2
-102.3396,3.6631,40.0776,sensor_2
-53.3556,-82.5643,39.9064,sensor_2
-55.1134,-77.9557,39.1541,sensor_2
-56.9571,-74.0015,39.7804,sensor_2
-60.6858,-69.7680,39.0730,sensor_2
-62.2396,-65.2654,40.5467,sensor_2
-64.6577,-60.3658,40.3122,sensor_2
-66.0724,-56.3825,40.1678,sensor_2
-69.6239,-52.2355,39.7980,sensor_2
-73.6280,-43.3633,39.7485,sensor_2
-75.6382,-38.6363,39.8411,sensor_2
-78.4779,-33.5222,40.5346,sensor_2
-80.3551,-29.6031,40.4942,sensor_2
-82.5265,-25.3470,39.4137,sensor_2
-85.1793,-19.8642,39.6848,sensor_2
-86.2010,-16.1970,39.8202,sensor_2
-89.0326,-11.8291,40.0340,sensor_2
-92.1503,-7.7325,39.6333,sensor_2
-93.9670,-3.0692,39.1935,sensor_2
-96.1458,1.5654,39.7982,sensor_2
-98.8066,5.2712,40.4693,sensor_2
-48.9047,-80.5615,40.3989,sensor_2
-50.5966,-76.2229,39.9023,sensor_2
-53.1618,-71.5146,40.1071,sensor_2
-55.7022,-67.2236,40.0349,sensor_2
-57.5620,-62.8565,40.3914,sensor_2
-60.0091,-58.1558,39.9151,sensor_2
-62.5576,-54.3598,39.8423,sensor_2
-64.4287,-49.1095,39.8673,sensor_2
-67.0778,-45.2923,40.3630,sensor_2
-69.1229,-40.8344,40.1654,sensor_2
-71.9053,-36.1578,39.8842,sensor_2
-73.7490,-32.1589,40.2521,sensor_2
-75.3667,-27.7649,39.9428,sensor_2
-78.0091,-22.0239,39.7503,sensor_2
-80.8510,-18.3809,40.6226,sensor_2
-82.7555,-13.8292,40.5369,sensor_2
-85.8169,-10.2468,40.2255,sensor_2
-87.0423,-5.5117,40.0857,sensor_2
-89.5755,-0.4811,39.6112,sensor_2
-92.0228,3.5812,39.9182,sensor_2
-94.2131,8.9549,40.1253,sensor_2
-44.8409,-78.3305,40.4139,sensor_2
-46.4449,-73.6348,39.8877,sensor_2
-48.5630,-69.9052,40.1822,sensor_2
-51.5806,-64.6508,39.3568,sensor_2
-54.1150,-60.4691,39.8380,sensor_2
-55.5849,-56.0510,39.8902,sensor_2
-58.2133,-51.6737,40.0247,sensor_2
-59.9888,-46.5814,39.6362,sensor_2
-62.4115,-42.6384,39.7395,sensor_2
-67.4057,-34.1330,40.2820,sensor_2
-69.3422,-29.2546,39.6364,sensor_2
-71.3553,-25.2618,39.5976,sensor_2
-73.7450,-20.5455,40.4290,sensor_2
-76.6385,-15.9265,40.4785,sensor_2
-77.8364,-11.7919,39.6553,sensor_2
-80.7729,-7.0911,39.9680,sensor_2
-82.7397,-2.5292,39.5159,sensor_2
-85.5401,1.2706,39.4181,sensor_2
-89.7107,10.7328,40.8090,sensor_2
-39.6295,-76.2035,40.4094,sensor_2
-42.3545,-71.6328,40.2496,sensor_2
-44.0785,-67.1546,39.7748,sensor_2
-47.0765,-62.8996,39.6862,sensor_2
-48.6535,-58.4385,40.1016,sensor_2
-51.7483,-53.5853,39.5940,sensor_2
-54.0013,-49.9734,39.6746,sensor_2
-55.3074,-44.7685,39.4789,sensor_2
-57.9495,-40.6071,39.3374,sensor_2
-60.6061,-36.8455,39.5879,sensor_2
-63.4715,-31.9447,39.5641,sensor_2
-65.0764,-27.4997,40.3148,sensor_2
-67.1853,-22.6628,40.1707,sensor_2
-69.0073,-18.0503,39.7014,sensor_2
-71.9938,-14.1183,39.7305,sensor_2
-73.8685,-9.4150,40.2928,sensor_2
-76.1772,-4.2867,40.2691,sensor_2
-78.5829,-0.1658,38.8699,sensor_2
-80.1866,4.1283,40.0422,sensor_2
-83.5533,9.3388,39.8088,sensor_2
-85.2714,13.2941,39.8305,sensor_2
-35.6707,-73.7040,39.5369,sensor_2
-37.3700,-69.4355,40.3035,sensor_2
-40.3395,-64.5838,40.0051,sensor_2
-41.4691,-60.8079,40.5647,sensor_2
-44.1939,-55.8372,39.6395,sensor_2
-46.5159,-51.4248,39.6025,sensor_2
-49.3999,-47.4863,40.4234,sensor_2
-51.1996,-42.4192,40.0034,sensor_2
-53.4839,-38.2200,39.7529,sensor_2
-55.3585,-33.7825,39.9804,sensor_2
-58.5609,-29.2789,39.6583,sensor_2
-60.5148,-24.5634,39.5091,sensor_2
-62.6770,-20.2544,40.3121,sensor_2
-65.0609,-15.9101,40.0022,sensor_2
-67.5493,-12.3351,39.2101,sensor_2
-69.2007,-7.0777,39.4204,sensor_2
-71.9143,-2.8024,39.7717,sensor_2
-73.9661,2.5852,39.6201,sensor_2
-76.1740,5.9752,39.6749,sensor_2
-78.8102,10.6232,39.7020,sensor_2
-80.6403,15.2368,39.5803,sensor_2
-30.2253,-72.0883,40.0269,sensor_2
-32.4055,-67.4701,40.3739,sensor_2
-34.9434,-62.6389,39.2387,sensor_2
-37.2131,-58.2719,39.7041,sensor_2
-39.5346,-54.1091,40.2804,sensor_2
-42.4570,-49.2032,39.5148,sensor_2
-44.6725,-45.2673,39.6452,sensor_2
-46.7341,-40.5460,39.9669,sensor_2
-48.6122,-36.0708,39.2347,sensor_2
-51.4437,-31.5461,40.2638,sensor_2
-53.2411,-26.7800,39.8184,sensor_2
-55.6499,-23.1803,40.3618,sensor_2
-57.9939,-18.0281,39.7642,sensor_2
-60.4006,-13.9937,40.1022,sensor_2
-63.1653,-8.9523,40.0942,sensor_2
-64.2365,-4.8583,39.8665,sensor_2
-67.1612,-0.3763,39.8614,sensor_2
-69.8945,3.6703,39.6973,sensor_2
-71.8741,8.0965,39.4848,sensor_2
-74.1416,13.2407,39.8316,sensor_2
-76.0677,17.7783,40.1745,sensor_2
-26.6066,-69.5446,39.2334,sensor_2
-28.9701,-64.7776,39.5112,sensor_2
-30.5120,-59.9773,39.7681,sensor_2
-32.9361,-56.5414,39.5251,sensor_2
-35.6688,-51.5766,39.8335,sensor_2
-38.1138,-46.4220,40.0040,sensor_2
-39.9732,-42.4262,39.9627,sensor_2
-42.4282,-38.4135,39.3148,sensor_2
-44.0814,-34.0887,39.3056,sensor_2
-47.1741,-29.8771,40.6126,sensor_2
-49.0249,-24.3460,40.4197,sensor_2
-51.2221,-20.1898,39.6418,sensor_2
-53.7254,-16.1553,39.9152,sensor_2
-56.2151,-11.0318,40.1731,sensor_2
-58.2732,-7.6264,40.1446,sensor_2
-60.1892,-2.5987,39.4496,sensor_2
-62.6206,2.2560,39.2152,sensor_2
-64.8427,5.6873,39.9282,sensor_2
-66.6912,10.8235,40.0715,sensor_2
-69.6997,15.2434,40.7390,sensor_2
-71.3787,19.5887,39.7640,sensor_2
-21.9943,-66.3467,39.9745,sensor_2
-23.8737,-62.8048,39.4459,sensor_2
-26.0682,-58.2470,39.6203,sensor_2
-29.0578,-54.0042,39.6835,sensor_2
-31.6299,-48.8813,40.0363,sensor_2
-33.0028,-44.9774,40.0237,sensor_2
-35.5610,-39.9810,40.1905,sensor_2
-37.7627,-36.1760,39.4719,sensor_2
-40.4454,-31.7154,39.7080,sensor_2
-42.8708,-26.4431,39.9961,sensor_2
-45.4184,-22.9684,39.4228,sensor_2
-46.8854,-17.7448,39.5489,sensor_2
-49.0199,-13.7678,40.3089,sensor_2
-51.0244,-9.1038,40.1554,sensor_2
-53.7812,-4.8922,39.4865,sensor_2
-55.9338,-0.3293,39.7636,sensor_2
-58.3472,4.0848,39.5312,sensor_2
-60.7776,9.0114,39.8172,sensor_2
-62.3643,12.6511,39.4192,sensor_2
-65.0847,17.7911,39.6671,sensor_2
-67.1780,22.3020,40.2808,sensor_2
-17.5851,-64.8781,39.3145,sensor_2
-19.8076,-60.3053,40.4010,sensor_2
-22.5365,-56.2499,39.5450,sensor_2
-24.0372,-52.3913,39.5164,sensor_2
-25.8951,-46.8071,39.4292,sensor_2
-28.9168,-42.2850,40.0950,sensor_2
-31.2439,-38.4103,40.1947,sensor_2
-33.4377,-33.3880,40.0407,sensor_2
-35.8706,-28.7094,39.7235,sensor_2
-37.8229,-24.9884,39.8185,sensor_2
-40.3336,-20.5434,39.9841,sensor_2
-42.0519,-15.1971,40.4076,sensor_2
-44.8461,-10.8844,40.0481,sensor_2
-46.4200,-7.3894,40.4238,sensor_2
-49.5365,-2.0806,39.7354,sensor_2
-51.2727,1.8662,39.2363,sensor_2
-54.2067,6.3356,39.9085,sensor_2
-56.9253,10.4528,39.6420,sensor_2
-58.4796,15.4086,39.6104,sensor_2
-61.2101,19.8925,39.7829,sensor_2
-62.6315,24.0553,40.1276,sensor_2
-13.4048,-62.4954,39.9318,sensor_2
-15.2021,-58.4641,39.8571,sensor_2
-17.9297,-53.7364,40.1194,sensor_2
-18.8484,-49.2124,40.1521,sensor_2
-22.1305,-44.3699,40.0631,sensor_2
-24.0720,-40.1892,40.7459,sensor_2
-26.2248,-36.4590,40.0061,sensor_2
-28.9523,-32.1807,39.5975,sensor_2
-31.4117,-27.2075,39.9465,sensor_2
-34.1510,-22.2309,40.1737,sensor_2
-35.6650,-18.1545,39.9030,sensor_2
-38.2225,-13.1803,40.0793,sensor_2
-39.6275,-9.2573,40.4119,sensor_2
-42.8012,-4.7328,39.5347,sensor_2
-44.6842,-0.2386,40.1202,sensor_2
-46.6141,4.2178,40.0356,sensor_2
-49.0919,8.6719,39.7097,sensor_2
-51.5522,13.3246,40.1763,sensor_2
-53.6553,17.3680,40.0585,sensor_2
-55.7851,21.8950,40.0298,sensor_2
-58.7049,26.5718,40.5121,sensor_2
-8.5725,-60.6567,40.0238,sensor_2
-10.8275,-55.4708,39.4207,sensor_2
-13.4947,-51.4348,39.3572,sensor_2
-15.0442,-47.6631,39.6111,sensor_2
-18.2313,-42.7274,40.1838,sensor_2
-19.7715,-37.7171,40.1144,sensor_2
-22.9661,-33.4813,39.2549,sensor_2
-24.6993,-29.2699,39.7118,sensor_2
-26.6201,-24.9610,40.5103,sensor_2
-28.8527,-19.8077,40.1689,sensor_2
-31.0191,-15.7818,40.5919,sensor_2
-33.9717,-11.1499,39.9042,sensor_2
-35.9508,-6.7451,39.6399,sensor_2
-37.8373,-2.1262,39.9372,sensor_2
-40.1533,1.6890,39.2685,sensor_2
-42.8855,6.4254,40.7773,sensor_2
-45.0320,11.3255,40.1996,sensor_2
-46.4819,15.4595,40.1323,sensor_2
-49.5597,19.5704,39.5508,sensor_2
-52.0366,24.8297,40.0032,sensor_2
-54.0856,28.7900,39.7053,sensor_2
-4.1893,-58.0610,40.1317,sensor_2
-6.1279,-54.1652,39.9846,sensor_2
-8.2352,-49.4946,39.8155,sensor_2
-10.9281,-44.2957,40.1125,sensor_2
-13.3339,-40.0511,40.2668,sensor_2
-15.3902,-35.1200,40.0518,sensor_2
-18.1649,-31.5910,39.8566,sensor_2
-20.1392,-26.6434,40.0279,sensor_2
-21.7355,-22.1215,40.4245,sensor_2
-24.8736,-18.1003,40.1441,sensor_2
-26.8436,-13.2754,39.9923,sensor_2
-29.3630,-8.4432,40.3048,sensor_2
-31.9597,-4.8008,39.9131,sensor_2
-33.4469,-0.1546,39.4283,sensor_2
-35.6636,4.2533,40.3268,sensor_2
-38.1183,9.1319,40.1984,sensor_2
-40.1847,13.0586,40.2664,sensor_2
-42.6921,17.2555,39.7685,sensor_2
-45.1512,22.3114,40.1466,sensor_2
-47.6928,26.8563,39.8845,sensor_2
-49.9418,31.3495,39.6413,sensor_2
-0.1352,-55.5079,40.2223,sensor_2
-2.2183,-50.9476,40.2585,sensor_2
-4.4386,-46.1635,39.8880,sensor_2
-6.4482,-43.2402,40.1309,sensor_2
-9.0130,-37.7971,39.3114,sensor_2
-10.6623,-32.9868,40.5694,sensor_2
-14.3678,-28.8350,40.0303,sensor_2
-16.6609,-24.8404,39.8809,sensor_2
-17.3776,-20.4200,39.9832,sensor_2
-20.1637,-15.5454,39.7728,sensor_2
-22.1012,-10.8778,39.4370,sensor_2
-24.2908,-7.0230,39.8172,sensor_2
-26.5589,-2.2718,40.1147,sensor_2
-28.9454,2.3588,39.7265,sensor_2
-31.8227,6.8434,40.1800,sensor_2
-33.6347,10.9950,40.2151,sensor_2
-36.0382,15.0385,40.0146,sensor_2
-38.1222,20.2426,39.6054,sensor_2
-40.8297,24.5439,39.7617,sensor_2
-42.8601,29.2114,40.0561,sensor_2
-44.4688,33.4414,40.5166,sensor_2
5.1211,-52.6010,39.9274,sensor_2
2.4518,-48.5769,39.7437,sensor_2
0.0517,-44.4896,40.0562,sensor_2
-2.5440,-40.0304,39.8183,sensor_2
-4.3329,-35.6014,39.8612,sensor_2
-6.2186,-31.0367,39.8639,sensor_2
-8.8342,-26.3880,40.2040,sensor_2
-10.6884,-22.3415,39.9798,sensor_2
-12.6978,-17.8504,40.5177,sensor_2
-15.3732,-13.5304,39.4475,sensor_2
-17.7150,-9.1706,39.6882,sensor_2
-20.8071,-4.0572,39.9708,sensor_2
-22.4659,0.1229,40.0202,sensor_2
-26.9811,9.0758,39.8402,sensor_2
-30.1812,13.6082,40.0841,sensor_2
-31.5454,18.3590,39.4513,sensor_2
-34.8293,22.7792,40.0806,sensor_2
-36.6642,26.5754,40.1518,sensor_2
-38.7848,31.3650,40.6727,sensor_2
-40.1500,35.6164,40.0489,sensor_2
8.8915,-51.1576,39.8212,sensor_2
6.6056,-47.2153,40.6074,sensor_2
4.7111,-42.6488,39.7901,sensor_2
0.6579,-32.8204,39.7229,sensor_2
-2.0609,-28.6190,39.8160,sensor_2
-4.8074,-24.8125,39.9400,sensor_2
-6.9373,-20.4689,39.8542,sensor_2
-8.6153,-15.3266,39.8566,sensor_2
-10.5462,-11.3820,39.9097,sensor_2
-13.9537,-6.3838,39.8922,sensor_2
-16.3338,-2.4870,40.5595,sensor_2
-17.7688,2.2939,40.2354,sensor_2
-20.8450,6.4228,39.4741,sensor_2
-22.8477,11.0319,40.1184,sensor_2
-24.4807,15.9597,40.8669,sensor_2
-27.2722,20.0677,40.1105,sensor_2
-29.6587,24.4292,40.0755,sensor_2
-31.9480,29.1472,40.3588,sensor_2
-34.2991,32.6448,39.9617,sensor_2
-36.5436,37.9531,39.7762,sensor_2
13.7773,-48.5450,40.2159,sensor_2
11.2769,-44.8900,39.0682,sensor_2
8.3751,-40.3062,39.9633,sensor_2
6.6236,-35.7843,39.3720,sensor_2
4.0126,-31.7240,40.1401,sensor_2
-0.6451,-21.9829,39.6070,sensor_2
-2.0443,-17.6835,40.1793,sensor_2
-4.0912,-13.5874,39.5762,sensor_2
-6.9300,-9.1322,40.1399,sensor_2
-9.0903,-4.4098,40.0522,sensor_2
-11.4875,0.4232,39.2661,sensor_2
-13.5137,4.6685,39.6372,sensor_2
-16.1072,9.2629,39.7920,sensor_2
-18.8057,12.9330,40.2526,sensor_2
-20.7146,18.3128,40.3779,sensor_2
-22.7486,22.5003,39.6130,sensor_2
-25.0895,26.5225,40.1052,sensor_2
-27.6663,31.1744,39.9169,sensor_2
-29.3102,34.9357,39.2763,sensor_2
-32.0672,40.0510,39.9468,sensor_2
18.1595,-46.0003,40.1254,sensor_2
16.0265,-42.4178,40.1696,sensor_2
13.7920,-37.5601,39.8573,sensor_2
11.4980,-32.8084,39.6190,sensor_2
8.2594,-28.5990,40.1510,sensor_2
6.6601,-24.5838,40.8544,sensor_2
4.3086,-20.3987,39.7293,sensor_2
2.3745,-15.7325,39.7597,sensor_2
-2.2340,-6.7594,39.9390,sensor_2
-4.6250,-2.5248,39.9194,sensor_2
-7.2842,2.6235,39.5700,sensor_2
-9.2337,6.1222,39.7387,sensor_2
-11.8553,11.7277,39.8516,sensor_2
-13.5099,15.0560,39.4628,sensor_2
-16.0205,19.6470,40.2896,sensor_2
-18.3718,24.6249,39.9978,sensor_2
-20.5543,29.2963,39.6588,sensor_2
-22.6456,33.8976,39.9658,sensor_2
-24.9995,37.8220,39.9118,sensor_2
-27.0791,42.3072,39.3095,sensor_2
22.5978,-44.4906,40.0537,sensor_2
20.2848,-39.4399,39.4756,sensor_2
17.6656,-35.3036,39.5358,sensor_2
15.8432,-31.0799,39.2131,sensor_2
13.6907,-26.1468,39.9621,sensor_2
10.7077,-21.8930,39.5318,sensor_2
8.8785,-17.5674,39.6218,sensor_2
6.0673,-13.3040,39.8751,sensor_2
4.0860,-9.0687,40.1443,sensor_2
2.0784,-4.5069,39.6847,sensor_2
-0.1026,0.1414,39.8300,sensor_2
-2.9077,4.4367,39.6736,sensor_2
-4.6783,9.4145,40.2141,sensor_2
-6.7515,13.5118,39.7778,sensor_2
-9.1266,17.7658,39.7718,sensor_2
-11.7989,22.3648,39.8617,sensor_2
-13.1527,27.0270,39.7592,sensor_2
-15.7873,31.1321,40.2325,sensor_2
-18.0565,36.7344,39.5189,sensor_2
-20.6167,40.1641,39.9889,sensor_2
-22.6194,44.3266,39.6414,sensor_2
27.0953,-41.8434,39.5069,sensor_2
24.1958,-37.3290,40.1740,sensor_2
22.8212,-33.5919,39.8202,sensor_2
20.2596,-28.6579,39.8475,sensor_2
17.8958,-24.0096,39.7409,sensor_2
15.4575,-20.0428,39.7154,sensor_2
13.4172,-15.5128,39.7398,sensor_2
9.3132,-6.4303,39.7743,sensor_2
6.9893,-2.2627,39.8876,sensor_2
4.2616,2.1846,39.7588,sensor_2
2.0514,6.3508,39.7570,sensor_2
-0.1629,11.3807,39.9881,sensor_2
-1.7307,15.9664,39.8399,sensor_2
-7.0975,24.6523,40.0338,sensor_2
-9.4262,29.6130,39.5182,sensor_2
-11.3855,33.7312,39.5054,sensor_2
-13.6567,38.2037,39.6739,sensor_2
-15.3636,42.7102,39.7777,sensor_2
-18.5665,46.6796,39.9737,sensor_2
31.4676,-40.3738,39.5406,sensor_2
28.9388,-35.5823,39.7667,sensor_2
26.6845,-30.7796,40.2032,sensor_2
22.3917,-22.8142,39.8348,sensor_2
20.2835,-17.6551,39.9776,sensor_2
17.8610,-13.6700,39.0448,sensor_2
15.7635,-8.8920,40.0247,sensor_2
13.1855,-4.3201,40.3421,sensor_2
10.6182,0.1880,39.5230,sensor_2
8.7703,4.8047,40.1031,sensor_2
6.5266,8.6426,39.9677,sensor_2
4.5034,13.8872,40.5983,sensor_2
2.1237,17.6729,39.7137,sensor_2
-0.3050,22.8145,39.5068,sensor_2
-2.2996,27.1381,39.5975,sensor_2
-4.6711,31.1228,39.8852,sensor_2
-7.2437,35.9103,39.4945,sensor_2
-9.2382,39.5653,39.7515,sensor_2
-11.8708,45.2654,40.0649,sensor_2
-14.1147,48.9000,39.8980,sensor_2
35.6921,-36.8915,38.9648,sensor_2
33.6529,-33.9950,40.2313,sensor_2
28.8245,-23.7359,39.7056,sensor_2
27.1810,-19.7462,40.2794,sensor_2
24.5592,-16.3462,39.6462,sensor_2
21.7641,-10.5893,40.0653,sensor_2
20.0138,-6.2975,39.9522,sensor_2
17.5520,-1.3439,39.9663,sensor_2
15.4076,1.9743,39.6804,sensor_2
13.2059,6.8574,39.7285,sensor_2
10.9151,10.9984,39.8896,sensor_2
8.1480,15.5408,39.6414,sensor_2
6.6810,20.4444,39.9117,sensor_2
3.7398,24.6041,40.1530,sensor_2
2.2687,28.7020,39.7438,sensor_2
-0.3817,33.7635,39.8900,sensor_2
-2.4650,37.6217,40.4052,sensor_2
-5.3377,42.5774,40.0616,sensor_2
-6.8385,47.3141,40.1785,sensor_2
-9.0707,51.4183,40.1385,sensor_2
40.8717,-35.6135,39.4234,sensor_2
37.7546,-30.4352,40.3037,sensor_2
35.7007,-26.3687,40.0483,sensor_2
33.9003,-22.6221,39.7046,sensor_2
31.1940,-17.4329,39.9166,sensor_2
28.9057,-12.9871,39.0340,sensor_2
27.7679,-8.3538,40.1876,sensor_2
24.2528,-4.0342,40.5786,sensor_2
22.8101,0.3077,39.4786,sensor_2
19.9874,4.6376,40.1781,sensor_2
17.2360,9.1303,39.9838,sensor_2
15.2376,14.0013,39.5138,sensor_2
12.7109,17.9864,40.1715,sensor_2
10.7528,22.3608,40.1635,sensor_2
8.6593,26.8376,39.9354,sensor_2
6.2344,31.6730,39.9419,sensor_2
3.7770,35.7640,39.7551,sensor_2
1.8987,40.5048,39.6155,sensor_2
-0.5591,44.9374,40.2617,sensor_2
-2.6817,49.9426,39.9024,sensor_2
-4.7893,53.6346,39.5605,sensor_2
44.8541,-32.9250,40.0022,sensor_2
42.5972,-28.7432,39.6190,sensor_2
40.1777,-24.0199,40.2138,sensor_2
36.9059,-19.5176,40.2564,sensor_2
36.1619,-15.1387,40.1181,sensor_2
33.3194,-10.8414,40.0700,sensor_2
30.8311,-6.6220,39.9596,sensor_2
28.4812,-1.8842,39.3959,sensor_2
26.7239,2.5626,39.7049,sensor_2
24.0726,6.8381,39.1422,sensor_2
21.9855,11.5029,40.2976,sensor_2
19.6780,15.8595,40.3595,sensor_2
18.1612,20.2097,40.2449,sensor_2
15.7033,25.0014,39.5625,sensor_2
12.7228,29.4770,40.6762,sensor_2
10.7087,34.2646,40.5294,sensor_2
8.0797,37.9923,40.4004,sensor_2
6.5565,42.8327,39.8896,sensor_2
4.1705,46.8914,40.7339,sensor_2
1.3019,50.9550,39.9434,sensor_2
-0.0959,55.8483,39.8754,sensor_2
48.9301,-30.8421,39.5519,sensor_2
46.6663,-26.8571,39.7092,sensor_2
45.3589,-21.9268,39.9581,sensor_2
43.2142,-17.6652,39.5580,sensor_2
40.3687,-13.4111,40.0052,sensor_2
38.3119,-8.9054,39.7181,sensor_2
36.2243,-4.4435,39.6642,sensor_2
33.4633,0.2615,39.6066,sensor_2
31.6515,4.6272,40.0047,sensor_2
28.7050,9.2006,39.4310,sensor_2
26.8852,13.5882,40.3224,sensor_2
21.6415,22.4801,40.0542,sensor_2
19.8005,26.8770,39.8473,sensor_2
17.0567,31.5715,39.0006,sensor_2
15.2818,36.4647,40.1940,sensor_2
13.2403,40.3216,40.0582,sensor_2
10.5482,44.8875,39.8593,sensor_2
7.2797,49.6845,40.0464,sensor_2
6.4274,53.5079,40.1267,sensor_2
4.0359,57.5309,39.2991,sensor_2
53.7455,-28.7713,39.8875,sensor_2
51.2423,-23.5886,39.2531,sensor_2
48.7287,-19.9665,39.4331,sensor_2
46.7231,-15.1929,39.4414,sensor_2
44.7710,-10.2850,40.2621,sensor_2
43.0545,-5.8896,39.8833,sensor_2
40.7091,-1.5786,40.5262,sensor_2
37.7745,1.9306,39.5013,sensor_2
35.6304,7.2796,39.8259,sensor_2
31.3678,15.6177,39.6586,sensor_2
29.0941,20.4784,39.9287,sensor_2
26.9663,25.2857,39.6290,sensor_2
24.2901,28.7981,39.8932,sensor_2
22.0846,33.2431,40.4238,sensor_2
20.3570,38.4500,40.2099,sensor_2
17.9199,42.6801,40.2498,sensor_2
15.2741,46.6782,39.5951,sensor_2
12.6841,52.0103,39.9330,sensor_2
10.9381,55.9459,39.4695,sensor_2
9.0315,61.4784,40.0295,sensor_2
58.1233,-25.8699,39.5272,sensor_2
55.8500,-22.2986,40.0633,sensor_2
53.7339,-17.4956,39.6813,sensor_2
50.8687,-13.1836,40.3153,sensor_2
48.9918,-8.0253,39.6086,sensor_2
46.8133,-4.1498,39.8129,sensor_2
44.8303,-0.2318,40.1504,sensor_2
42.5349,4.9161,39.9265,sensor_2
39.9565,9.6036,39.9203,sensor_2
37.4755,13.8765,40.2222,sensor_2
33.3459,22.7454,39.9698,sensor_2
30.7844,27.0354,39.2667,sensor_2
28.6195,31.9770,39.7698,sensor_2
26.1066,36.4023,39.9560,sensor_2
24.1890,40.7141,40.1357,sensor_2
21.8570,44.7312,40.4854,sensor_2
19.6205,49.2065,39.9630,sensor_2
17.7316,53.4458,40.3404,sensor_2
15.0162,59.0450,40.1246,sensor_2
12.7564,63.2514,40.3276,sensor_2
62.5286,-23.9214,39.7285,sensor_2
60.6835,-20.0152,39.8422,sensor_2
57.3933,-14.8920,39.1561,sensor_2
55.4825,-10.5459,39.7835,sensor_2
51.1479,-2.0473,39.7451,sensor_2
48.4406,2.8385,40.1704,sensor_2
47.0113,7.1735,40.3097,sensor_2
44.6412,11.9607,40.0327,sensor_2
42.2279,15.8425,39.0230,sensor_2
40.1618,20.5127,40.5644,sensor_2
37.0154,25.2869,39.5850,sensor_2
35.4058,29.1660,40.0180,sensor_2
33.1269,34.2087,39.9505,sensor_2
31.0266,38.7968,40.0745,sensor_2
28.5527,43.2396,39.8642,sensor_2
26.4635,47.1747,39.6811,sensor_2
20.7874,56.4234,39.5178,sensor_2
19.7626,61.2481,39.4632,sensor_2
17.5405,65.0699,40.0537,sensor_2
66.7041,-21.7183,39.9546,sensor_2
65.3087,-16.5592,40.0075,sensor_2
62.4413,-12.0791,39.8678,sensor_2
60.2745,-8.3286,40.0584,sensor_2
55.9899,0.3565,39.8670,sensor_2
54.1098,5.5367,40.0523,sensor_2
51.3054,9.3820,40.2458,sensor_2
48.7731,13.9554,39.7528,sensor_2
46.4675,18.3823,39.9066,sensor_2
44.2126,22.8031,39.9278,sensor_2
41.9795,27.0620,39.8596,sensor_2
40.0991,32.1033,39.9673,sensor_2
37.5061,36.1801,40.5414,sensor_2
35.6304,40.3288,39.8883,sensor_2
32.8800,44.9791,39.3454,sensor_2
30.7956,49.1038,39.7100,sensor_2
29.0213,54.3430,39.6168,sensor_2
25.9026,58.1623,39.2785,sensor_2
23.6503,62.8310,39.5575,sensor_2
21.9585,67.3588,39.7291,sensor_2
72.1436,-19.2188,39.9295,sensor_2
69.9068,-14.5619,39.6714,sensor_2
67.1291,-10.6903,39.4277,sensor_2
65.3840,-5.5893,39.4828,sensor_2
62.6455,-2.1817,40.2646,sensor_2
60.1939,2.7237,40.3262,sensor_2
57.9449,7.1893,40.2114,sensor_2
55.5704,12.0225,39.9072,sensor_2
53.6779,16.3957,40.1709,sensor_2
50.7952,21.2706,39.8525,sensor_2
49.4516,24.8964,39.8151,sensor_2
46.5041,29.9387,39.7637,sensor_2
44.4617,33.4808,39.7459,sensor_2
42.1274,38.4250,39.2779,sensor_2
39.9503,42.5920,40.5580,sensor_2
37.4482,48.1306,40.1300,sensor_2
35.3972,51.6651,39.8675,sensor_2
33.1249,55.6262,40.2418,sensor_2
30.3084,60.6495,38.9858,sensor_2
28.5856,65.4430,40.0022,sensor_2
26.2712,69.5211,39.9579,sensor_2
76.4242,-17.3279,40.0760,sensor_2
73.9920,-12.8086,39.9868,sensor_2
71.5503,-8.4415,40.7282,sensor_2
69.0602,-3.2410,40.2679,sensor_2
66.2488,0.7206,40.2552,sensor_2
64.9424,4.7849,39.9940,sensor_2
61.9909,9.1939,39.8252,sensor_2
60.1903,14.5443,40.0274,sensor_2
58.2155,18.0489,39.5143,sensor_2
55.4218,23.5044,39.4522,sensor_2
52.7797,27.3396,40.3094,sensor_2
50.4932,31.7344,39.4451,sensor_2
49.2678,36.5100,39.9985,sensor_2
46.4898,40.6499,39.9522,sensor_2
44.0158,44.8847,39.5275,sensor_2
41.9698,49.3691,40.2021,sensor_2
38.9809,54.2875,40.0863,sensor_2
37.8391,58.4636,39.3939,sensor_2
34.8411,63.3894,39.8007,sensor_2
32.7448,67.2601,39.8822,sensor_2
30.5375,71.3838,39.7007,sensor_2
80.8118,-14.4239,39.8624,sensor_2
78.0231,-10.0002,39.8436,sensor_2
75.5280,-6.0500,40.1404,sensor_2
74.1895,-1.7180,40.0874,sensor_2
71.2763,3.2912,39.9915,sensor_2
69.2080,7.0228,39.7947,sensor_2
66.7383,10.5864,40.1950,sensor_2
64.5752,16.1967,39.7803,sensor_2
62.3173,20.8047,39.4581,sensor_2
60.0810,25.2161,39.9125,sensor_2
57.2625,29.5848,39.4661,sensor_2
55.6172,34.5355,40.1994,sensor_2
53.1128,38.3581,39.7102,sensor_2
51.0773,42.7707,39.7205,sensor_2
47.8348,47.1628,39.6359,sensor_2
46.2348,52.3205,39.4406,sensor_2
43.6957,56.5665,39.5682,sensor_2
41.8224,60.8761,39.9076,sensor_2
39.3438,65.5846,40.4123,sensor_2
36.9964,69.6343,40.2221,sensor_2
34.9974,73.8413,39.7559,sensor_2
85.2052,-12.9877,39.9885,sensor_2
82.7820,-8.4157,40.0944,sensor_2
80.6090,-3.3994,40.2193,sensor_2
77.6052,1.0205,40.1001,sensor_2
76.1746,4.8822,40.2095,sensor_2
71.0375,13.7365,40.0373,sensor_2
68.8272,18.6594,39.8190,sensor_2
66.8589,23.2690,39.8913,sensor_2
64.7883,27.7349,39.6183,sensor_2
62.5138,32.1122,39.9486,sensor_2
60.3332,36.9196,40.1612,sensor_2
57.1855,40.9638,39.8588,sensor_2
55.3228,45.3852,39.7928,sensor_2
53.6984,49.8170,39.9106,sensor_2
51.1409,54.4506,40.3058,sensor_2
48.8204,58.6222,39.9509,sensor_2
45.6032,62.5915,40.2575,sensor_2
43.9550,68.1596,40.5164,sensor_2
41.3714,72.1051,40.8848,sensor_2
39.2591,76.5890,39.8274,sensor_2
89.2987,-10.4702,39.8996,sensor_2
87.3694,-6.1931,40.0769,sensor_2
84.6012,-1.2874,40.0131,sensor_2
82.3072,3.0375,39.6563,sensor_2
77.7442,12.2966,39.2880,sensor_2
75.9508,16.5949,39.7047,sensor_2
73.8608,21.1187,39.4663,sensor_2
71.3995,25.4238,39.6556,sensor_2
69.1468,29.9749,39.6614,sensor_2
66.0047,34.3117,39.6541,sensor_2
63.8278,38.4999,39.0972,sensor_2
62.0266,43.5951,38.9379,sensor_2
60.0273,47.2266,39.7660,sensor_2
57.2918,52.2117,39.9024,sensor_2
55.0661,56.0056,39.7608,sensor_2
53.4535,60.4927,40.0476,sensor_2
50.9069,64.6803,40.2814,sensor_2
48.5082,70.5751,40.4978,sensor_2
46.1670,74.2180,39.5634,sensor_2
43.5139,78.9970,39.8203,sensor_2
93.6988,-8.1633,40.1382,sensor_2
91.8876,-3.6496,39.8400,sensor_2
89.3315,1.5122,39.1970,sensor_2
86.6308,5.4227,39.9568,sensor_2
85.1771,10.1642,40.5835,sensor_2
82.2137,14.3808,39.8258,sensor_2
80.5496,18.6898,40.2102,sensor_2
77.6937,23.1379,39.7317,sensor_2
75.5886,27.3813,39.5549,sensor_2
73.7906,32.0933,40.2820,sensor_2
70.7975,35.7776,39.6865,sensor_2
68.8167,41.1735,40.2706,sensor_2
67.0174,45.8852,40.1585,sensor_2
64.3675,49.5509,40.1441,sensor_2
61.8874,53.9921,40.1100,sensor_2
59.8649,59.0169,39.6628,sensor_2
57.9216,63.3017,39.8509,sensor_2
54.9897,67.2634,39.4402,sensor_2
53.4608,71.6012,40.1257,sensor_2
50.6250,76.3457,39.7464,sensor_2
48.4067,81.3093,40.1024,sensor_2
98.2935,-6.3031,39.2972,sensor_2
96.6655,-1.7233,39.3698,sensor_2
94.1398,2.5627,40.1638,sensor_2
91.8040,7.6181,40.2398,sensor_2
88.7360,11.5673,39.8420,sensor_2
86.9427,16.4134,40.0683,sensor_2
84.4203,20.1651,40.0475,sensor_2
82.3253,25.6318,40.6226,sensor_2
80.1611,30.0069,39.6003,sensor_2
78.1755,34.3789,39.9934,sensor_2
75.9077,38.3282,40.1014,sensor_2
73.4805,43.7181,39.2871,sensor_2
71.0225,48.3801,39.7675,sensor_2
68.6330,52.6947,40.7687,sensor_2
66.5530,56.2915,39.7036,sensor_2
64.1072,60.7015,39.6295,sensor_2
62.0329,65.4600,40.0713,sensor_2
59.7122,69.4859,40.1609,sensor_2
57.5176,74.1562,39.8138,sensor_2
55.2733,78.8383,39.8625,sensor_2
53.1561,83.6321,39.7988,sensor_2
102.7398,-3.9452,39.8487,sensor_2
100.6405,1.1877,39.9642,sensor_2
98.1768,5.0996,39.9809,sensor_2
95.5621,9.8443,39.9135,sensor_2
93.3557,14.3683,39.8332,sensor_2
91.6030,18.5443,40.0721,sensor_2
87.3932,27.6819,40.1772,sensor_2
84.3668,31.9542,39.2586,sensor_2
82.2648,36.1426,39.9452,sensor_2
79.3393,40.6895,39.9343,sensor_2
77.9106,44.8720,39.7636,sensor_2
76.3854,50.1655,39.9607,sensor_2
72.2916,54.0340,40.0838,sensor_2
71.0470,58.9606,40.2340,sensor_2
68.7297,63.5515,39.2909,sensor_2
67.2837,67.6124,39.6835,sensor_2
64.6705,72.3766,40.2383,sensor_2
61.6739,76.7208,40.1485,sensor_2
59.2259,81.0044,39.8210,sensor_2
57.2458,85.2938,39.4728,sensor_2
107.3469,-1.2134,40.2999,sensor_2
104.9059,2.9281,39.4075,sensor_2
101.1745,12.6080,39.5941,sensor_2
97.6409,16.4421,39.5974,sensor_2
96.3357,21.0174,39.7644,sensor_2
93.5741,25.8628,39.5801,sensor_2
91.4759,29.4342,39.8324,sensor_2
88.8126,34.4502,39.9563,sensor_2
87.1793,39.0324,39.6961,sensor_2
84.0453,42.9731,39.7565,sensor_2
82.1501,47.4470,40.2732,sensor_2
80.2781,52.0690,39.7329,sensor_2
77.6071,56.6016,39.8948,sensor_2
74.8642,60.9242,39.2601,sensor_2
73.1603,65.7579,39.5383,sensor_2
70.9347,69.7715,39.6639,sensor_2
69.2807,74.7415,40.0679,sensor_2
66.1892,79.0322,39.8363,sensor_2
64.2237,83.0384,39.8775,sensor_2
111.5169,0.4864,40.4811,sensor_2
109.6618,5.1549,39.3987,sensor_2
104.5933,14.0484,39.6930,sensor_2
102.0537,18.5063,39.9232,sensor_2
100.4432,22.5664,39.9007,sensor_2
97.6931,27.3427,39.7917,sensor_2
95.5263,32.3947,40.1417,sensor_2
93.3869,36.3889,40.5160,sensor_2
91.8631,41.1980,39.8483,sensor_2
87.0281,50.4735,39.7203,sensor_2
85.0327,54.3756,40.2767,sensor_2
79.6946,63.3634,39.7446,sensor_2
77.6110,68.1458,39.5919,sensor_2
75.2291,72.4378,39.7401,sensor_2
73.7635,76.2006,40.7760,sensor_2
70.5648,81.4962,40.4586,sensor_2
68.7059,85.1284,39.7855,sensor_2
66.2758,90.2658,40.2407,sensor_2
111.9942,0.3665,4.9522,sensor_2
111.2807,0.3529,10.2189,sensor_2
111.6405,1.3124,14.3522,sensor_2
111.2286,0.9349,19.6698,sensor_2
111.6755,0.7532,24.7828,sensor_2
111.2542,1.4143,29.7898,sensor_2
111.2408,1.2052,35.0684,sensor_2
111.7259,1.0468,39.7636,sensor_2
108.9537,5.5237,5.3247,sensor_2
109.3236,5.3314,10.2921,sensor_2
109.2543,5.6520,15.0504,sensor_2
108.9195,5.5337,19.9718,sensor_2
108.9815,5.0645,24.4577,sensor_2
109.8577,6.1585,30.1463,sensor_2
109.9263,4.9555,35.3900,sensor_2
110.0671,5.9865,39.5735,sensor_2
106.8875,9.8840,4.7020,sensor_2
107.2767,9.8442,10.2884,sensor_2
107.3981,10.0244,14.8879,sensor_2
107.0060,9.8814,20.1624,sensor_2
107.1564,9.9811,24.8879,sensor_2
107.0849,9.6481,29.2466,sensor_2
107.7778,9.4729,40.2489,sensor_2
104.4159,14.4014,10.4523,sensor_2
105.1483,14.3240,15.0167,sensor_2
105.0807,14.9351,19.6361,sensor_2
105.0947,14.4323,24.6364,sensor_2
104.7685,14.3703,35.2444,sensor_2
104.8749,14.8959,39.8110,sensor_2
102.4502,19.2182,5.4975,sensor_2
102.7927,18.8596,9.5843,sensor_2
102.3695,18.6348,20.4462,sensor_2
102.9181,18.8093,24.9816,sensor_2
103.0182,18.9166,29.9852,sensor_2
102.0227,18.2013,34.2349,sensor_2
101.7849,18.7859,40.0172,sensor_2
100.7830,23.0440,10.5802,sensor_2
100.3183,22.9713,14.7589,sensor_2
100.5029,22.6454,29.9565,sensor_2
100.4693,23.2693,34.5082,sensor_2
100.2633,23.1814,39.9225,sensor_2
97.8103,27.4386,4.9091,sensor_2
98.1840,26.9801,9.6868,sensor_2
98.6585,27.2657,14.6430,sensor_2
97.9181,27.1687,25.1145,sensor_2
98.0321,27.4668,29.9097,sensor_2
98.3072,27.1828,34.3576,sensor_2
97.6734,27.3935,38.8331,sensor_2
96.2467,32.7047,9.7252,sensor_2
95.4717,32.2889,14.4737,sensor_2
95.7624,32.7246,25.0254,sensor_2
95.5294,32.1216,29.4484,sensor_2
96.0875,31.4528,40.0148,sensor_2
93.8299,36.7038,10.2541,sensor_2
93.1273,36.3263,14.2120,sensor_2
93.6999,36.1389,25.1461,sensor_2
93.5815,36.6795,30.0615,sensor_2
93.4813,36.6132,35.2701,sensor_2
93.1414,36.1872,39.6331,sensor_2
90.8638,41.3578,15.4435,sensor_2
90.3239,41.2673,20.0039,sensor_2
91.2304,40.9767,29.4904,sensor_2
91.3206,40.8308,34.9302,sensor_2
91.0145,41.1336,40.1619,sensor_2
88.8062,44.7231,20.0767,sensor_2
88.7257,45.6153,24.8151,sensor_2
89.1191,45.5482,29.7979,sensor_2
89.1223,45.8098,34.1040,sensor_2
88.9585,45.3089,39.5103,sensor_2
87.2900,50.2795,25.3967,sensor_2
86.3909,49.3921,35.6759,sensor_2
86.7421,49.9278,39.6332,sensor_2
84.0529,53.4446,5.6831,sensor_2
84.3792,54.4484,9.4049,sensor_2
84.2708,54.0954,40.1652,sensor_2
82.3281,58.8571,9.6271,sensor_2
82.2900,58.9387,14.9339,sensor_2
82.5281,58.9885,19.7368,sensor_2
82.1948,59.5610,24.6461,sensor_2
81.6963,59.0378,35.1633,sensor_2
81.8670,58.5844,39.3764,sensor_2
79.7209,63.0953,5.1893,sensor_2
80.4268,62.5911,9.6128,sensor_2
79.9417,63.8237,25.3086,sensor_2
79.7660,63.3824,29.7704,sensor_2
79.8072,62.9257,34.2781,sensor_2
79.7398,63.6789,40.1650,sensor_2
76.9193,67.7161,15.4274,sensor_2
77.6060,68.1573,20.0456,sensor_2
77.4248,67.8910,25.2663,sensor_2
77.8892,67.3110,39.8530,sensor_2
75.4660,72.2487,9.4791,sensor_2
75.5289,72.3582,15.1741,sensor_2
75.3161,72.1584,20.0348,sensor_2
75.4913,72.4882,25.5607,sensor_2
75.1138,72.9487,28.8639,sensor_2
75.6650,71.9620,35.5995,sensor_2
75.0195,72.6188,39.5532,sensor_2
72.8154,77.5429,4.7870,sensor_2
73.6058,76.3493,9.5626,sensor_2
73.0914,76.3497,15.0581,sensor_2
72.9031,76.9860,30.0021,sensor_2
73.3526,76.5577,40.1111,sensor_2
70.3436,80.8297,5.0928,sensor_2
70.7433,81.0546,10.0654,sensor_2
70.9818,81.4050,24.5676,sensor_2
70.9368,80.5660,39.5952,sensor_2
68.5070,85.9626,15.3776,sensor_2
68.3910,85.3610,19.5371,sensor_2
69.1238,85.3019,24.4388,sensor_2
68.6134,85.9794,29.4694,sensor_2
69.0866,85.6720,39.8086,sensor_2
65.8372,89.6576,5.5984,sensor_2
65.9845,90.4853,9.6495,sensor_2
66.7030,90.3110,14.8260,sensor_2
66.9497,89.7438,19.8179,sensor_2
65.9177,89.9556,30.4489,sensor_2
65.6457,89.6321,34.5681,sensor_2
66.0885,90.4204,40.1501,sensor_2
-66.9436,-90.2305,4.8908,sensor_2
-66.4801,-89.9124,9.6071,sensor_2
-67.0067,-89.9260,14.6533,sensor_2
-66.7190,-90.2059,20.3654,sensor_2
-66.3947,-89.1857,24.7203,sensor_2
-66.5311,-89.9163,29.9068,sensor_2
-66.6406,-89.8871,34.2141,sensor_2
-66.6462,-89.5893,39.2222,sensor_2
-62.1260,-87.4012,5.5092,sensor_2
-62.1767,-87.4498,24.8302,sensor_2
-62.1848,-87.6419,29.3812,sensor_2
-61.4931,-87.1355,35.4259,sensor_2
-62.1431,-87.5161,40.0998,sensor_2
-57.0492,-85.1028,9.8901,sensor_2
-57.1570,-85.3144,14.6479,sensor_2
-57.7058,-85.4166,19.9163,sensor_2
-57.3493,-85.3307,24.8771,sensor_2
-57.5945,-85.7422,34.5102,sensor_2
-58.2173,-84.8943,40.0439,sensor_2
-53.5711,-82.4746,9.5693,sensor_2
-53.1941,-82.5556,14.2636,sensor_2
-53.0924,-83.4313,24.1286,sensor_2
-52.5308,-83.1189,30.2088,sensor_2
-52.8020,-82.9197,35.0581,sensor_2
-52.9390,-82.4727,40.0706,sensor_2
-48.7015,-80.6106,10.0862,sensor_2
-48.0560,-80.4583,14.9227,sensor_2
-48.0418,-80.6351,20.0246,sensor_2
-48.5599,-80.8640,24.5228,sensor_2
-48.6888,-80.8177,34.6957,sensor_2
-49.3457,-80.8071,40.5096,sensor_2
-44.0956,-78.9724,9.9206,sensor_2
-44.1710,-77.8947,14.6589,sensor_2
-44.0955,-78.4240,30.7544,sensor_2
-44.0876,-78.9067,34.8311,sensor_2
-44.2947,-77.9224,39.5900,sensor_2
-40.5818,-76.3416,10.4969,sensor_2
-39.6776,-76.1904,14.9541,sensor_2
-39.0729,-76.0163,20.2620,sensor_2
-39.8798,-76.4494,30.2431,sensor_2
-40.8201,-76.4126,40.0072,sensor_2
-35.5613,-73.6119,14.9735,sensor_2
-35.6509,-73.7810,20.0004,sensor_2
-35.5701,-73.5340,39.7099,sensor_2
-30.5762,-70.9020,5.3650,sensor_2
-30.7335,-71.4063,9.7825,sensor_2
-31.0804,-72.0738,15.4001,sensor_2
-31.0260,-71.9155,19.6817,sensor_2
-30.8428,-71.8575,24.9085,sensor_2
-30.3483,-71.4510,39.7685,sensor_2
-26.6215,-69.2282,4.8312,sensor_2
-26.4493,-69.4498,9.6883,sensor_2
-26.6789,-69.7698,40.1891,sensor_2
-21.6593,-66.9222,10.2803,sensor_2
-21.6464,-67.2391,24.7690,sensor_2
-21.9192,-67.4106,35.0571,sensor_2
-21.8110,-67.4533,40.5103,sensor_2
-17.2348,-64.6095,14.9617,sensor_2
-17.4610,-64.2615,19.8469,sensor_2
-17.4067,-64.7081,24.4223,sensor_2
-18.2072,-64.8111,30.2040,sensor_2
-17.4712,-65.0387,34.6792,sensor_2
-17.2606,-64.9575,39.3503,sensor_2
-13.1372,-62.1305,20.3449,sensor_2
-12.9218,-62.1131,24.8792,sensor_2
-13.1009,-62.8766,29.7977,sensor_2
-13.0130,-62.2205,34.6517,sensor_2
-12.8100,-61.7789,39.4414,sensor_2
-8.8802,-60.0807,19.9782,sensor_2
-9.0089,-60.2928,24.9111,sensor_2
-8.6963,-60.0374,29.7406,sensor_2
-7.7536,-59.9264,34.5883,sensor_2
-9.4908,-59.8828,39.9906,sensor_2
-4.8204,-57.1601,5.4576,sensor_2
-4.3351,-58.4077,19.9173,sensor_2
-4.1960,-58.5039,34.7695,sensor_2
-4.4038,-58.0154,40.0104,sensor_2
0.5279,-56.1302,15.7249,sensor_2
-0.0620,-56.2048,20.2918,sensor_2
0.4919,-55.7690,24.9489,sensor_2
0.4892,-55.1774,29.6530,sensor_2
0.0804,-55.9801,34.8755,sensor_2
0.2796,-56.2276,40.0065,sensor_2
4.6455,-52.9921,5.4723,sensor_2
5.1065,-52.9566,9.8009,sensor_2
5.2218,-53.5278,14.9802,sensor_2
4.4322,-53.9142,29.9038,sensor_2
4.3166,-53.9214,34.8643,sensor_2
4.7920,-53.7999,39.2776,sensor_2
9.0533,-52.0527,5.2158,sensor_2
8.8015,-50.9884,9.6940,sensor_2
9.1349,-51.3057,14.2710,sensor_2
8.5325,-51.2899,35.0724,sensor_2
9.2266,-51.1013,39.6375,sensor_2
13.8992,-48.9420,5.4614,sensor_2
13.6747,-48.9025,9.9701,sensor_2
13.0335,-48.7685,14.5113,sensor_2
13.6408,-49.1656,30.5973,sensor_2
12.9373,-49.3294,35.4193,sensor_2
13.8316,-49.2380,39.5856,sensor_2
18.6189,-46.5974,10.3412,sensor_2
18.1509,-45.9867,15.0442,sensor_2
18.1928,-47.0571,19.7525,sensor_2
18.0906,-46.9668,30.2457,sensor_2
17.9092,-46.5578,39.8674,sensor_2
22.1143,-44.6118,9.8357,sensor_2
22.5689,-44.2507,14.4650,sensor_2
22.6298,-44.8566,19.6607,sensor_2
23.1769,-43.9337,30.2112,sensor_2
23.0632,-44.5171,34.8563,sensor_2
22.2487,-44.2261,39.4612,sensor_2
27.0706,-42.4097,24.8110,sensor_2
26.7677,-42.4305,35.6133,sensor_2
27.5316,-42.1354,40.1906,sensor_2
31.7420,-39.8321,9.6595,sensor_2
31.3095,-40.0321,14.4371,sensor_2
31.3280,-40.7182,24.6986,sensor_2
31.0682,-39.6909,39.5839,sensor_2
35.9514,-37.6202,10.2504,sensor_2
36.0680,-37.6230,14.8587,sensor_2
35.9890,-37.5903,19.7859,sensor_2
35.8299,-37.1955,30.0574,sensor_2
36.3142,-37.0125,34.8627,sensor_2
35.6205,-37.3341,39.6918,sensor_2
40.7541,-35.8221,4.9129,sensor_2
40.1208,-35.3981,20.4885,sensor_2
40.3859,-35.6363,30.3785,sensor_2
39.9785,-35.2228,35.0906,sensor_2
40.3385,-35.4452,39.8082,sensor_2
44.4439,-33.0237,5.0878,sensor_2
44.2152,-32.7756,20.1018,sensor_2
44.7841,-33.6529,35.3814,sensor_2
44.6591,-33.4413,40.3531,sensor_2
49.5624,-30.4964,14.8606,sensor_2
49.1311,-30.5588,35.2577,sensor_2
49.0875,-30.6026,39.7509,sensor_2
53.6320,-28.5117,10.1211,sensor_2
53.6974,-28.8701,14.3604,sensor_2
54.2577,-28.5588,25.0636,sensor_2
54.1818,-28.7047,29.6324,sensor_2
53.1299,-28.4290,35.0628,sensor_2
54.0425,-28.3237,39.9418,sensor_2
58.3753,-26.3079,5.5116,sensor_2
58.3492,-25.7921,10.2205,sensor_2
58.1323,-25.5859,15.2954,sensor_2
58.2019,-26.3069,19.5418,sensor_2
58.1424,-26.3482,24.9793,sensor_2
58.0469,-26.0643,29.8768,sensor_2
57.6401,-26.4429,34.5899,sensor_2
57.7478,-26.3539,40.2270,sensor_2
62.5064,-23.6926,10.4130,sensor_2
62.5955,-23.5784,14.5257,sensor_2
62.7249,-24.4402,19.9727,sensor_2
62.4363,-23.9096,24.5132,sensor_2
62.7934,-24.0400,39.9626,sensor_2
67.3990,-21.5418,5.0439,sensor_2
67.1360,-21.0450,9.8818,sensor_2
66.9723,-21.5146,20.4832,sensor_2
67.6057,-21.7106,25.2013,sensor_2
67.2841,-21.6957,30.1381,sensor_2
67.3263,-21.6725,35.5147,sensor_2
66.9764,-21.2319,40.6466,sensor_2
71.0027,-19.4719,5.7666,sensor_2
71.0135,-19.9947,10.2032,sensor_2
71.7811,-20.0925,14.8888,sensor_2
71.6836,-19.9840,20.2465,sensor_2
71.0984,-19.0541,24.9803,sensor_2
71.3191,-20.0167,29.7890,sensor_2
71.5304,-19.4976,34.7003,sensor_2
76.3221,-16.6366,9.7841,sensor_2
75.3564,-16.7090,24.7263,sensor_2
75.6606,-17.6688,34.7232,sensor_2
76.3497,-17.0415,40.3783,sensor_2
80.5218,-14.7525,5.5234,sensor_2
80.7181,-14.8571,10.3822,sensor_2
80.5293,-14.8732,20.2329,sensor_2
80.3529,-14.9549,25.0386,sensor_2
80.6984,-14.5700,29.9464,sensor_2
80.5631,-15.7653,35.3346,sensor_2
79.9189,-14.9318,40.7946,sensor_2
85.3139,-12.9638,15.1407,sensor_2
84.7051,-12.4021,19.6691,sensor_2
84.7694,-12.1299,24.5094,sensor_2
84.7722,-12.6980,35.6469,sensor_2
84.5598,-12.7431,39.9608,sensor_2
89.3265,-10.2612,11.0170,sensor_2
88.7637,-10.2805,15.7852,sensor_2
89.1676,-9.9977,19.9767,sensor_2
88.8757,-10.2414,24.5895,sensor_2
88.5305,-10.4395,35.3521,sensor_2
89.5567,-10.5023,39.8190,sensor_2
94.0441,-8.3239,9.6182,sensor_2
93.6605,-8.1779,19.6377,sensor_2
94.2633,-8.0792,24.7902,sensor_2
93.9319,-8.1268,29.3516,sensor_2
94.2422,-8.3457,39.3798,sensor_2
98.2156,-5.7079,14.9304,sensor_2
98.1790,-5.7525,19.6499,sensor_2
98.2701,-5.6116,24.5287,sensor_2
98.2104,-6.2414,30.1610,sensor_2
98.5004,-5.5112,35.2614,sensor_2
98.6435,-5.5902,39.6278,sensor_2
102.8412,-3.3636,4.4683,sensor_2
103.1154,-3.1605,9.3505,sensor_2
102.5450,-3.7353,14.6729,sensor_2
103.2238,-2.8135,19.5269,sensor_2
102.4735,-3.1548,39.7205,sensor_2
107.1919,-1.5347,11.0621,sensor_2
106.6419,-1.3816,15.0886,sensor_2
106.8280,-1.3065,19.7514,sensor_2
107.4053,-0.8883,40.2466,sensor_2
111.6989,1.1226,4.7193,sensor_2
111.3024,1.2706,9.5280,sensor_2
111.8024,0.7974,14.3066,sensor_2
112.2127,1.1795,20.0867,sensor_2
111.1508,0.9200,24.9939,sensor_2
111.3843,1.5422,29.1868,sensor_2
111.8914,0.3004,34.3445,sensor_2
111.1942,1.1612,39.6415,sensor_2
